  Analyzer:  ;  PQM-710 (BR0070)  
  Recording start:   ;  2024-10-22 19:07:04.787  
  Recording stop:   ;  2024-10-22 19:22:02.953  
  Time:  ;  (UTC-6)  
  Flag:  ;
  E  - event  ;
  Ef - event (Fast stream data)  ;
  P  - PLL no synchronization  ;
  Pf - PLL no synchronization (Fast stream data)  ;
  G  - GPS no synchronization  ;
  Gf - GPS no synchronization (Fast stream data)  ;
  T  - time resynchronization  ;
  Tf - time resynchronization (Fast stream data)  ;
  A  - A/D overflow  ;
  Af - A/D overflow (Fast stream data)  ;

;;'E / Ef';'P / Pf';'G / Gf';'T / Tf';'A / Af';  Date        ;  Time (UTC-6)  ;  f L1 avg. 3 s [Hz]  ;  U L1 avg. 3 s [V]  ;  I *L1 avg. 3 s [A]  ;  I *L2 avg. 3 s [A]  
;;  'E '  ;        ;  'G '  ;        ;        ;  2024-10-22  ;  19:07:04.787  ;  ---                 ;  12.449             ;  0.65854             ;  0.35045             
;;  'E '  ;        ;  'G '  ;        ;        ;  2024-10-22  ;  19:07:07.787  ;  ---                 ;  12.452             ;  0.66079             ;  0.35180             
;;  'E '  ;        ;  'G '  ;        ;        ;  2024-10-22  ;  19:07:10.786  ;  ---                 ;  12.456             ;  0.66420             ;  0.35199             
;;  'E '  ;        ;  'G '  ;        ;        ;  2024-10-22  ;  19:07:13.785  ;  ---                 ;  12.454             ;  0.66241             ;  0.34938             
;;  'E '  ;        ;  'G '  ;        ;        ;  2024-10-22  ;  19:07:16.783  ;  ---                 ;  12.454             ;  0.66149             ;  0.35050             
;;  'E '  ;        ;  'G '  ;        ;        ;  2024-10-22  ;  19:07:19.782  ;  ---                 ;  12.448             ;  0.66010             ;  0.35116             
;;  'E '  ;        ;  'G '  ;        ;        ;  2024-10-22  ;  19:07:22.780  ;  60.03               ;  12.450             ;  0.65871             ;  0.35085             
;;  'E '  ;        ;  'G '  ;        ;        ;  2024-10-22  ;  19:07:25.779  ;  60.03               ;  12.451             ;  0.65976             ;  0.35090             
;;  'E '  ;        ;  'G '  ;        ;        ;  2024-10-22  ;  19:07:28.779  ;  60.03               ;  12.448             ;  0.65903             ;  0.35499             
;;  'E '  ;        ;  'G '  ;        ;        ;  2024-10-22  ;  19:07:31.779  ;  60.02               ;  12.450             ;  0.65914             ;  0.35223             
;;  'E '  ;        ;  'G '  ;        ;        ;  2024-10-22  ;  19:07:34.779  ;  60.02               ;  12.450             ;  0.65990             ;  0.35235             
;;  'E '  ;        ;  'G '  ;        ;        ;  2024-10-22  ;  19:07:37.778  ;  60.02               ;  12.456             ;  0.65813             ;  0.35249             
;;  'E '  ;        ;  'G '  ;        ;        ;  2024-10-22  ;  19:07:40.778  ;  60.01               ;  12.455             ;  0.65782             ;  0.35045             
;;  'E '  ;        ;  'G '  ;        ;        ;  2024-10-22  ;  19:07:43.777  ;  60.00               ;  12.450             ;  0.65564             ;  0.35143             
;;  'E '  ;        ;  'G '  ;        ;        ;  2024-10-22  ;  19:07:46.776  ;  60.00               ;  12.448             ;  0.65557             ;  0.34961             
;;  'E '  ;        ;  'G '  ;        ;        ;  2024-10-22  ;  19:07:49.776  ;  60.00               ;  12.450             ;  0.65799             ;  0.35243             
;;  'E '  ;        ;  'G '  ;        ;        ;  2024-10-22  ;  19:07:52.775  ;  60.01               ;  12.459             ;  0.65955             ;  0.35060             
;;  'E '  ;        ;  'G '  ;        ;        ;  2024-10-22  ;  19:07:55.775  ;  60.01               ;  12.461             ;  0.65923             ;  0.35095             
;;  'E '  ;        ;  'G '  ;        ;        ;  2024-10-22  ;  19:07:58.775  ;  60.01               ;  12.459             ;  0.66105             ;  0.35220             
;;  'E '  ;        ;  'G '  ;        ;        ;  2024-10-22  ;  19:08:01.776  ;  60.01               ;  12.458             ;  0.65943             ;  0.35100             
;;  'E '  ;        ;  'G '  ;        ;        ;  2024-10-22  ;  19:08:04.775  ;  60.00               ;  12.459             ;  0.65991             ;  0.35113             
;;  'E '  ;        ;  'G '  ;        ;        ;  2024-10-22  ;  19:08:07.776  ;  60.00               ;  12.459             ;  0.65901             ;  0.35123             
;;  'E '  ;        ;  'G '  ;        ;        ;  2024-10-22  ;  19:08:10.776  ;  60.00               ;  12.454             ;  0.65732             ;  0.34965             
;;  'E '  ;        ;  'G '  ;        ;        ;  2024-10-22  ;  19:08:13.776  ;  60.00               ;  12.457             ;  0.66030             ;  0.35032             
;;  'E '  ;        ;  'G '  ;        ;        ;  2024-10-22  ;  19:08:16.776  ;  60.00               ;  12.455             ;  0.66051             ;  0.34873             
;;  'E '  ;        ;  'G '  ;        ;        ;  2024-10-22  ;  19:08:19.775  ;  60.00               ;  12.448             ;  0.65961             ;  0.35110             
;;  'E '  ;        ;  'G '  ;        ;        ;  2024-10-22  ;  19:08:22.774  ;  60.00               ;  12.447             ;  0.66026             ;  0.35077             
;;  'E '  ;        ;  'G '  ;        ;        ;  2024-10-22  ;  19:08:25.774  ;  60.00               ;  12.448             ;  0.66083             ;  0.35049             
;;  'E '  ;        ;  'G '  ;        ;        ;  2024-10-22  ;  19:08:28.773  ;  60.00               ;  12.454             ;  0.66147             ;  0.35067             
;;  'E '  ;        ;  'G '  ;        ;        ;  2024-10-22  ;  19:08:31.772  ;  60.01               ;  12.457             ;  0.66123             ;  0.34965             
;;  'E '  ;        ;  'G '  ;        ;        ;  2024-10-22  ;  19:08:34.771  ;  60.01               ;  12.459             ;  0.66319             ;  0.35000             
;;  'E '  ;        ;  'G '  ;        ;        ;  2024-10-22  ;  19:08:37.769  ;  60.01               ;  12.464             ;  0.66477             ;  0.35144             
;;  'E '  ;        ;  'G '  ;        ;        ;  2024-10-22  ;  19:08:40.767  ;  60.02               ;  12.468             ;  0.66341             ;  0.34980             
;;  'E '  ;        ;  'G '  ;        ;        ;  2024-10-22  ;  19:08:43.766  ;  60.03               ;  12.467             ;  0.66277             ;  0.35172             
;;  'E '  ;        ;  'G '  ;        ;        ;  2024-10-22  ;  19:08:46.765  ;  60.03               ;  12.463             ;  0.66222             ;  0.35284             
;;  'E '  ;        ;  'G '  ;        ;        ;  2024-10-22  ;  19:08:49.765  ;  60.03               ;  12.466             ;  0.66148             ;  0.35248             
;;  'E '  ;        ;  'G '  ;        ;        ;  2024-10-22  ;  19:08:52.765  ;  60.02               ;  12.461             ;  0.66262             ;  0.35225             
;;  'E '  ;        ;  'G '  ;        ;        ;  2024-10-22  ;  19:08:55.765  ;  60.02               ;  12.462             ;  0.66057             ;  0.35254             
;;  'E '  ;        ;  'G '  ;        ;        ;  2024-10-22  ;  19:08:58.766  ;  60.02               ;  12.465             ;  0.66043             ;  0.35337             
;;  'E '  ;        ;  'G '  ;        ;        ;  2024-10-22  ;  19:09:01.766  ;  60.00               ;  12.466             ;  0.66181             ;  0.35330             
;;  'E '  ;        ;  'G '  ;        ;        ;  2024-10-22  ;  19:09:04.765  ;  59.99               ;  12.467             ;  0.66235             ;  0.35241             
;;  'E '  ;        ;  'G '  ;        ;        ;  2024-10-22  ;  19:09:07.765  ;  59.99               ;  12.465             ;  0.66242             ;  0.35112             
;;  'E '  ;        ;  'G '  ;        ;        ;  2024-10-22  ;  19:09:10.764  ;  60.00               ;  12.465             ;  0.66436             ;  0.35257             
;;  'E '  ;        ;  'G '  ;        ;        ;  2024-10-22  ;  19:09:13.764  ;  60.01               ;  12.467             ;  0.66325             ;  0.35464             
;;  'E '  ;        ;  'G '  ;        ;        ;  2024-10-22  ;  19:09:16.763  ;  60.01               ;  12.469             ;  0.66254             ;  0.35448             
;;  'E '  ;        ;  'G '  ;        ;        ;  2024-10-22  ;  19:09:19.762  ;  60.01               ;  12.466             ;  0.65938             ;  0.35322             
;;  'E '  ;        ;  'G '  ;        ;        ;  2024-10-22  ;  19:09:22.762  ;  60.01               ;  12.466             ;  0.66209             ;  0.35566             
;;  'E '  ;        ;  'G '  ;        ;        ;  2024-10-22  ;  19:09:25.762  ;  60.01               ;  12.466             ;  0.66294             ;  0.35302             
;;  'E '  ;        ;  'G '  ;        ;        ;  2024-10-22  ;  19:09:28.764  ;  60.01               ;  12.468             ;  0.66361             ;  0.35626             
;;  'E '  ;        ;  'G '  ;        ;        ;  2024-10-22  ;  19:09:31.766  ;  60.00               ;  12.467             ;  0.66305             ;  0.35567             
;;  'E '  ;        ;  'G '  ;        ;        ;  2024-10-22  ;  19:09:34.768  ;  59.99               ;  12.471             ;  0.66479             ;  0.35533             
;;  'E '  ;        ;  'G '  ;        ;        ;  2024-10-22  ;  19:09:37.769  ;  59.99               ;  12.470             ;  0.66424             ;  0.35363             
;;  'E '  ;        ;  'G '  ;        ;        ;  2024-10-22  ;  19:09:40.770  ;  59.98               ;  12.473             ;  0.66394             ;  0.35564             
;;  'E '  ;        ;  'G '  ;        ;        ;  2024-10-22  ;  19:09:43.771  ;  59.97               ;  12.468             ;  0.66156             ;  0.35424             
;;  'E '  ;        ;  'G '  ;        ;        ;  2024-10-22  ;  19:09:46.772  ;  59.97               ;  12.467             ;  0.66274             ;  0.35312             
;;  'E '  ;        ;  'G '  ;        ;        ;  2024-10-22  ;  19:09:49.774  ;  59.97               ;  12.469             ;  0.66337             ;  0.35531             
;;  'E '  ;        ;  'G '  ;        ;        ;  2024-10-22  ;  19:09:52.776  ;  59.97               ;  12.468             ;  0.66445             ;  0.35235             
;;  'E '  ;        ;  'G '  ;        ;        ;  2024-10-22  ;  19:09:55.778  ;  59.97               ;  12.468             ;  0.66450             ;  0.35150             
;;  'E '  ;        ;  'G '  ;        ;        ;  2024-10-22  ;  19:09:58.780  ;  59.97               ;  12.458             ;  0.66072             ;  0.35210             
;;  'E '  ;        ;  'G '  ;        ;        ;  2024-10-22  ;  19:10:01.600  ;  59.97               ;  12.471             ;  0.65877             ;  0.35288             
;;  'E '  ;        ;  'G '  ;        ;        ;  2024-10-22  ;  19:10:03.001  ;  59.97               ;  12.471             ;  0.66007             ;  0.35208             
;;  'E '  ;        ;  'G '  ;        ;        ;  2024-10-22  ;  19:10:06.001  ;  59.97               ;  12.472             ;  0.66438             ;  0.35409             
;;  'E '  ;        ;  'G '  ;        ;        ;  2024-10-22  ;  19:10:09.001  ;  59.97               ;  12.476             ;  0.66442             ;  0.35135             
;;  'E '  ;        ;  'G '  ;        ;        ;  2024-10-22  ;  19:10:12.001  ;  59.98               ;  12.478             ;  0.66321             ;  0.35449             
;;  'E '  ;        ;  'G '  ;        ;        ;  2024-10-22  ;  19:10:15.000  ;  59.99               ;  12.480             ;  0.66338             ;  0.35394             
;;  'E '  ;        ;  'G '  ;        ;        ;  2024-10-22  ;  19:10:17.999  ;  59.99               ;  12.477             ;  0.66230             ;  0.35382             
;;  'E '  ;        ;  'G '  ;        ;        ;  2024-10-22  ;  19:10:20.998  ;  60.00               ;  12.478             ;  0.66322             ;  0.35455             
;;  'E '  ;        ;  'G '  ;        ;        ;  2024-10-22  ;  19:10:23.997  ;  60.02               ;  12.471             ;  0.66371             ;  0.35317             
;;  'E '  ;        ;  'G '  ;        ;        ;  2024-10-22  ;  19:10:26.996  ;  60.02               ;  12.473             ;  0.66520             ;  0.35342             
;;  'E '  ;        ;  'G '  ;        ;        ;  2024-10-22  ;  19:10:29.995  ;  60.02               ;  12.476             ;  0.66212             ;  0.35691             
;;  'E '  ;        ;  'G '  ;        ;        ;  2024-10-22  ;  19:10:32.994  ;  60.02               ;  12.472             ;  0.66177             ;  0.35301             
;;  'E '  ;        ;  'G '  ;        ;        ;  2024-10-22  ;  19:10:35.993  ;  60.02               ;  12.470             ;  0.66195             ;  0.35149             
;;  'E '  ;        ;  'G '  ;        ;        ;  2024-10-22  ;  19:10:38.993  ;  60.02               ;  12.472             ;  0.66124             ;  0.35116             
;;  'E '  ;        ;  'G '  ;        ;        ;  2024-10-22  ;  19:10:41.993  ;  60.01               ;  12.472             ;  0.66163             ;  0.35334             
;;  'E '  ;        ;  'G '  ;        ;        ;  2024-10-22  ;  19:10:44.993  ;  60.01               ;  12.467             ;  0.66088             ;  0.35201             
;;  'E '  ;        ;  'G '  ;        ;        ;  2024-10-22  ;  19:10:47.994  ;  60.01               ;  12.469             ;  0.66020             ;  0.35159             
;;  'E '  ;        ;  'G '  ;        ;        ;  2024-10-22  ;  19:10:50.995  ;  60.00               ;  12.458             ;  0.66201             ;  0.35271             
;;  'E '  ;        ;  'G '  ;        ;        ;  2024-10-22  ;  19:10:53.996  ;  59.99               ;  12.470             ;  0.66151             ;  0.35258             
;;  'E '  ;        ;  'G '  ;        ;        ;  2024-10-22  ;  19:10:56.997  ;  59.99               ;  12.472             ;  0.66157             ;  0.35512             
;;  'E '  ;        ;  'G '  ;        ;        ;  2024-10-22  ;  19:10:59.998  ;  59.99               ;  12.468             ;  0.66285             ;  0.35324             
;;  'E '  ;        ;  'G '  ;        ;        ;  2024-10-22  ;  19:11:02.999  ;  59.98               ;  12.465             ;  0.66051             ;  0.35390             
;;  'E '  ;        ;  'G '  ;        ;        ;  2024-10-22  ;  19:11:06.000  ;  59.98               ;  12.471             ;  0.66048             ;  0.35340             
;;  'E '  ;        ;  'G '  ;        ;        ;  2024-10-22  ;  19:11:09.001  ;  59.98               ;  12.466             ;  0.66169             ;  0.35370             
;;  'E '  ;        ;  'G '  ;        ;        ;  2024-10-22  ;  19:11:12.002  ;  59.98               ;  12.468             ;  0.66169             ;  0.35505             
;;  'E '  ;        ;  'G '  ;        ;        ;  2024-10-22  ;  19:11:15.004  ;  59.98               ;  12.465             ;  0.66284             ;  0.35508             
;;  'E '  ;        ;  'G '  ;        ;        ;  2024-10-22  ;  19:11:18.005  ;  59.98               ;  12.467             ;  0.66108             ;  0.35423             
;;  'E '  ;        ;  'G '  ;        ;        ;  2024-10-22  ;  19:11:21.005  ;  59.98               ;  12.473             ;  0.65918             ;  0.35318             
;;  'E '  ;        ;  'G '  ;        ;        ;  2024-10-22  ;  19:11:24.006  ;  59.98               ;  12.468             ;  0.65941             ;  0.35473             
;;  'E '  ;        ;  'G '  ;        ;        ;  2024-10-22  ;  19:11:27.006  ;  59.98               ;  12.468             ;  0.66074             ;  0.35535             
;;  'E '  ;        ;  'G '  ;        ;        ;  2024-10-22  ;  19:11:30.006  ;  59.98               ;  12.468             ;  0.66069             ;  0.35081             
;;  'E '  ;        ;  'G '  ;        ;        ;  2024-10-22  ;  19:11:33.007  ;  59.99               ;  12.463             ;  0.66338             ;  0.35260             
;;  'E '  ;        ;  'G '  ;        ;        ;  2024-10-22  ;  19:11:36.007  ;  59.99               ;  12.466             ;  0.66086             ;  0.35489             
;;  'E '  ;        ;  'G '  ;        ;        ;  2024-10-22  ;  19:11:39.007  ;  59.99               ;  12.463             ;  0.66394             ;  0.35378             
;;  'E '  ;        ;  'G '  ;        ;        ;  2024-10-22  ;  19:11:42.007  ;  59.99               ;  12.470             ;  0.66315             ;  0.35467             
;;  'E '  ;        ;  'G '  ;        ;        ;  2024-10-22  ;  19:11:45.006  ;  59.99               ;  12.467             ;  0.66339             ;  0.35251             
;;  'E '  ;        ;  'G '  ;        ;        ;  2024-10-22  ;  19:11:48.005  ;  59.99               ;  12.471             ;  0.66361             ;  0.35366             
;;  'E '  ;        ;  'G '  ;        ;        ;  2024-10-22  ;  19:11:51.003  ;  60.00               ;  12.478             ;  0.66347             ;  0.35589             
;;  'E '  ;        ;  'G '  ;        ;        ;  2024-10-22  ;  19:11:54.001  ;  60.02               ;  12.476             ;  0.66351             ;  0.35636             
;;  'E '  ;        ;  'G '  ;        ;        ;  2024-10-22  ;  19:11:57.000  ;  60.02               ;  12.395             ;  0.65878             ;  0.34883             
;;  'E '  ;        ;  'G '  ;        ;        ;  2024-10-22  ;  19:11:59.999  ;  60.02               ;  12.393             ;  0.65749             ;  0.34859             
;;  'E '  ;        ;  'G '  ;        ;        ;  2024-10-22  ;  19:12:02.999  ;  60.02               ;  12.393             ;  0.65685             ;  0.34956             
;;  'E '  ;        ;  'G '  ;        ;        ;  2024-10-22  ;  19:12:05.998  ;  60.02               ;  12.397             ;  0.65692             ;  0.34904             
;;  'E '  ;        ;  'G '  ;        ;        ;  2024-10-22  ;  19:12:08.996  ;  60.02               ;  12.398             ;  0.65587             ;  0.34976             
;;  'E '  ;        ;  'G '  ;        ;        ;  2024-10-22  ;  19:12:11.994  ;  60.02               ;  12.397             ;  0.65676             ;  0.34858             
;;  'E '  ;        ;  'G '  ;        ;        ;  2024-10-22  ;  19:12:14.991  ;  60.02               ;  12.393             ;  0.65700             ;  0.34877             
;;  'E '  ;        ;  'G '  ;        ;        ;  2024-10-22  ;  19:12:17.989  ;  60.02               ;  12.397             ;  0.65915             ;  0.34867             
;;  'E '  ;        ;  'G '  ;        ;        ;  2024-10-22  ;  19:12:20.988  ;  60.03               ;  12.397             ;  0.65932             ;  0.34772             
;;  'E '  ;        ;  'G '  ;        ;        ;  2024-10-22  ;  19:12:23.987  ;  60.04               ;  12.398             ;  0.66092             ;  0.34766             
;;  'E '  ;        ;  'G '  ;        ;        ;  2024-10-22  ;  19:12:26.986  ;  60.04               ;  12.398             ;  0.65931             ;  0.34803             
;;  'E '  ;        ;  'G '  ;        ;        ;  2024-10-22  ;  19:12:29.985  ;  60.04               ;  12.402             ;  0.65723             ;  0.34965             
;;  'E '  ;        ;  'G '  ;        ;        ;  2024-10-22  ;  19:12:32.984  ;  60.02               ;  12.400             ;  0.65689             ;  0.34917             
;;  'E '  ;        ;  'G '  ;        ;        ;  2024-10-22  ;  19:12:35.983  ;  60.02               ;  12.405             ;  0.65781             ;  0.34930             
;;  'E '  ;        ;  'G '  ;        ;        ;  2024-10-22  ;  19:12:38.982  ;  60.02               ;  12.405             ;  0.65757             ;  0.34818             
;;  'E '  ;        ;  'G '  ;        ;        ;  2024-10-22  ;  19:12:41.981  ;  60.02               ;  12.408             ;  0.65937             ;  0.35003             
;;  'E '  ;        ;  'G '  ;        ;        ;  2024-10-22  ;  19:12:44.980  ;  60.02               ;  12.404             ;  0.65790             ;  0.34760             
;;  'E '  ;        ;  'G '  ;        ;        ;  2024-10-22  ;  19:12:47.979  ;  60.02               ;  12.409             ;  0.65742             ;  0.34982             
;;  'E '  ;        ;  'G '  ;        ;        ;  2024-10-22  ;  19:12:50.978  ;  60.02               ;  12.405             ;  0.65621             ;  0.34818             
;;  'E '  ;        ;  'G '  ;        ;        ;  2024-10-22  ;  19:12:53.977  ;  60.02               ;  12.402             ;  0.65943             ;  0.34896             
;;  'E '  ;        ;  'G '  ;        ;        ;  2024-10-22  ;  19:12:56.976  ;  60.02               ;  12.403             ;  0.65955             ;  0.34985             
;;  'E '  ;        ;  'G '  ;        ;        ;  2024-10-22  ;  19:12:59.976  ;  60.02               ;  12.404             ;  0.65840             ;  0.34785             
;;  'E '  ;        ;  'G '  ;        ;        ;  2024-10-22  ;  19:13:02.975  ;  60.01               ;  12.403             ;  0.65957             ;  0.34819             
;;  'E '  ;        ;  'G '  ;        ;        ;  2024-10-22  ;  19:13:05.974  ;  60.01               ;  12.402             ;  0.65895             ;  0.34773             
;;  'E '  ;        ;  'G '  ;        ;        ;  2024-10-22  ;  19:13:08.973  ;  60.01               ;  12.402             ;  0.66080             ;  0.34730             
;;  'E '  ;        ;  'G '  ;        ;        ;  2024-10-22  ;  19:13:11.972  ;  60.02               ;  12.402             ;  0.66049             ;  0.34702             
;;  'E '  ;        ;  'G '  ;        ;        ;  2024-10-22  ;  19:13:14.973  ;  60.02               ;  12.397             ;  0.65966             ;  0.34847             
;;  'E '  ;        ;  'G '  ;        ;        ;  2024-10-22  ;  19:13:17.973  ;  60.02               ;  12.394             ;  0.66092             ;  0.34906             
;;  'E '  ;        ;  'G '  ;        ;        ;  2024-10-22  ;  19:13:20.974  ;  60.01               ;  12.393             ;  0.66280             ;  0.34986             
;;  'E '  ;        ;  'G '  ;        ;        ;  2024-10-22  ;  19:13:23.975  ;  59.99               ;  12.392             ;  0.66456             ;  0.34915             
;;  'E '  ;        ;  'G '  ;        ;        ;  2024-10-22  ;  19:13:26.976  ;  59.99               ;  12.393             ;  0.66290             ;  0.34932             
;;  'E '  ;        ;  'G '  ;        ;        ;  2024-10-22  ;  19:13:29.977  ;  59.99               ;  12.394             ;  0.65912             ;  0.34741             
;;  'E '  ;        ;  'G '  ;        ;        ;  2024-10-22  ;  19:13:32.978  ;  59.98               ;  12.392             ;  0.65846             ;  0.34860             
;;  'E '  ;        ;  'G '  ;        ;        ;  2024-10-22  ;  19:13:35.978  ;  59.98               ;  12.391             ;  0.65971             ;  0.34856             
;;  'E '  ;        ;  'G '  ;        ;        ;  2024-10-22  ;  19:13:38.979  ;  59.98               ;  12.392             ;  0.66077             ;  0.34795             
;;  'E '  ;        ;  'G '  ;        ;        ;  2024-10-22  ;  19:13:41.978  ;  59.99               ;  12.394             ;  0.66255             ;  0.34729             
;;  'E '  ;        ;  'G '  ;        ;        ;  2024-10-22  ;  19:13:44.978  ;  59.99               ;  12.394             ;  0.66247             ;  0.34880             
;;  'E '  ;        ;  'G '  ;        ;        ;  2024-10-22  ;  19:13:47.978  ;  59.99               ;  12.391             ;  0.66029             ;  0.34900             
;;  'E '  ;        ;  'G '  ;        ;        ;  2024-10-22  ;  19:13:50.979  ;  59.99               ;  12.388             ;  0.65927             ;  0.34795             
;;  'E '  ;        ;  'G '  ;        ;        ;  2024-10-22  ;  19:13:53.981  ;  60.00               ;  12.386             ;  0.65707             ;  0.34847             
;;  'E '  ;        ;  'G '  ;        ;        ;  2024-10-22  ;  19:13:56.982  ;  60.00               ;  12.385             ;  0.65859             ;  0.35004             
;;  'E '  ;        ;  'G '  ;        ;        ;  2024-10-22  ;  19:13:59.984  ;  60.00               ;  12.387             ;  0.66227             ;  0.34819             
;;  'E '  ;        ;  'G '  ;        ;        ;  2024-10-22  ;  19:14:02.986  ;  59.97               ;  12.385             ;  0.66074             ;  0.34768             
;;  'E '  ;        ;  'G '  ;        ;        ;  2024-10-22  ;  19:14:05.987  ;  59.97               ;  12.389             ;  0.65885             ;  0.34814             
;;  'E '  ;        ;  'G '  ;        ;        ;  2024-10-22  ;  19:14:08.989  ;  59.97               ;  12.389             ;  0.65897             ;  0.34894             
;;  'E '  ;        ;  'G '  ;        ;        ;  2024-10-22  ;  19:14:11.991  ;  59.96               ;  12.390             ;  0.65912             ;  0.34740             
;;  'E '  ;        ;  'G '  ;        ;        ;  2024-10-22  ;  19:14:14.993  ;  59.96               ;  12.391             ;  0.66180             ;  0.34751             
;;  'E '  ;        ;  'G '  ;        ;        ;  2024-10-22  ;  19:14:17.995  ;  59.96               ;  12.388             ;  0.66283             ;  0.34793             
;;  'E '  ;        ;  'G '  ;        ;        ;  2024-10-22  ;  19:14:20.996  ;  59.96               ;  12.388             ;  0.66235             ;  0.34799             
;;  'E '  ;        ;  'G '  ;        ;        ;  2024-10-22  ;  19:14:23.997  ;  59.96               ;  12.391             ;  0.66207             ;  0.34923             
;;  'E '  ;        ;  'G '  ;        ;        ;  2024-10-22  ;  19:14:26.997  ;  59.96               ;  12.393             ;  0.66228             ;  0.34746             
;;  'E '  ;        ;  'G '  ;        ;        ;  2024-10-22  ;  19:14:29.997  ;  59.96               ;  12.394             ;  0.66078             ;  0.34539             
;;  'E '  ;        ;  'G '  ;        ;        ;  2024-10-22  ;  19:14:32.996  ;  59.99               ;  12.394             ;  0.66127             ;  0.34757             
;;  'E '  ;        ;  'G '  ;        ;        ;  2024-10-22  ;  19:14:35.995  ;  59.99               ;  12.391             ;  0.66164             ;  0.34689             
;;  'E '  ;        ;  'G '  ;        ;        ;  2024-10-22  ;  19:14:38.994  ;  59.99               ;  12.389             ;  0.65998             ;  0.34738             
;;  'E '  ;        ;  'G '  ;        ;        ;  2024-10-22  ;  19:14:41.993  ;  60.01               ;  12.394             ;  0.65909             ;  0.34619             
;;  'E '  ;        ;  'G '  ;        ;        ;  2024-10-22  ;  19:14:44.991  ;  60.02               ;  12.394             ;  0.66164             ;  0.34482             
;;  'E '  ;        ;  'G '  ;        ;        ;  2024-10-22  ;  19:14:47.989  ;  60.02               ;  12.392             ;  0.65907             ;  0.34562             
;;  'E '  ;        ;  'G '  ;        ;        ;  2024-10-22  ;  19:14:50.988  ;  60.02               ;  12.394             ;  0.65852             ;  0.34840             
;;  'E '  ;        ;  'G '  ;        ;        ;  2024-10-22  ;  19:14:53.987  ;  60.03               ;  12.390             ;  0.65849             ;  0.34825             
;;  'E '  ;        ;  'G '  ;        ;        ;  2024-10-22  ;  19:14:56.986  ;  60.03               ;  12.392             ;  0.65919             ;  0.34750             
;;  'E '  ;        ;  'G '  ;        ;        ;  2024-10-22  ;  19:14:59.985  ;  60.03               ;  12.391             ;  0.66111             ;  0.34617             
;;  'E '  ;        ;  'G '  ;        ;        ;  2024-10-22  ;  19:15:02.984  ;  60.02               ;  12.390             ;  0.66077             ;  0.34721             
;;  'E '  ;        ;  'G '  ;        ;        ;  2024-10-22  ;  19:15:05.983  ;  60.02               ;  12.389             ;  0.66004             ;  0.34570             
;;  'E '  ;        ;  'G '  ;        ;        ;  2024-10-22  ;  19:15:08.982  ;  60.02               ;  12.388             ;  0.66305             ;  0.34510             
;;  'E '  ;        ;  'G '  ;        ;        ;  2024-10-22  ;  19:15:11.981  ;  60.02               ;  12.392             ;  0.66094             ;  0.34537             
;;  'E '  ;        ;  'G '  ;        ;        ;  2024-10-22  ;  19:15:14.980  ;  60.02               ;  12.389             ;  0.65883             ;  0.34567             
;;  'E '  ;        ;  'G '  ;        ;        ;  2024-10-22  ;  19:15:17.979  ;  60.02               ;  12.390             ;  0.65860             ;  0.34722             
;;  'E '  ;        ;  'G '  ;        ;        ;  2024-10-22  ;  19:15:20.978  ;  60.02               ;  12.394             ;  0.65927             ;  0.34618             
;;  'E '  ;        ;  'G '  ;        ;        ;  2024-10-22  ;  19:15:23.978  ;  60.02               ;  12.392             ;  0.66274             ;  0.34815             
;;  'E '  ;        ;  'G '  ;        ;        ;  2024-10-22  ;  19:15:26.977  ;  60.02               ;  12.394             ;  0.66162             ;  0.34589             
;;  'E '  ;        ;  'G '  ;        ;        ;  2024-10-22  ;  19:15:29.977  ;  60.02               ;  12.393             ;  0.65882             ;  0.34786             
;;  'E '  ;        ;  'G '  ;        ;        ;  2024-10-22  ;  19:15:32.977  ;  60.01               ;  12.395             ;  0.66093             ;  0.34635             
;;  'E '  ;        ;  'G '  ;        ;        ;  2024-10-22  ;  19:15:35.977  ;  60.01               ;  12.395             ;  0.65801             ;  0.34671             
;;  'E '  ;        ;  'G '  ;        ;        ;  2024-10-22  ;  19:15:38.976  ;  60.01               ;  12.383             ;  0.65680             ;  0.34618             
;;  'E '  ;        ;  'G '  ;        ;        ;  2024-10-22  ;  19:15:41.977  ;  60.00               ;  12.394             ;  0.65620             ;  0.34671             
;;  'E '  ;        ;  'G '  ;        ;        ;  2024-10-22  ;  19:15:44.977  ;  60.00               ;  12.393             ;  0.65626             ;  0.34609             
;;  'E '  ;        ;  'G '  ;        ;        ;  2024-10-22  ;  19:15:47.978  ;  60.00               ;  12.391             ;  0.65665             ;  0.34483             
;;  'E '  ;        ;  'G '  ;        ;        ;  2024-10-22  ;  19:15:50.977  ;  60.00               ;  12.388             ;  0.65518             ;  0.34427             
;;  'E '  ;        ;  'G '  ;        ;        ;  2024-10-22  ;  19:15:53.977  ;  59.99               ;  12.386             ;  0.65787             ;  0.34664             
;;  'E '  ;        ;  'G '  ;        ;        ;  2024-10-22  ;  19:15:56.975  ;  59.99               ;  12.389             ;  0.65647             ;  0.34902             
;;  'E '  ;        ;  'G '  ;        ;        ;  2024-10-22  ;  19:15:59.973  ;  59.99               ;  12.391             ;  0.65463             ;  0.34537             
;;  'E '  ;        ;  'G '  ;        ;        ;  2024-10-22  ;  19:16:02.972  ;  60.02               ;  12.387             ;  0.65647             ;  0.34673             
;;  'E '  ;        ;  'G '  ;        ;        ;  2024-10-22  ;  19:16:05.971  ;  60.02               ;  12.389             ;  0.65799             ;  0.34859             
;;  'E '  ;        ;  'G '  ;        ;        ;  2024-10-22  ;  19:16:08.971  ;  60.02               ;  12.386             ;  0.65714             ;  0.34758             
;;  'E '  ;        ;  'G '  ;        ;        ;  2024-10-22  ;  19:16:11.970  ;  60.02               ;  12.387             ;  0.65676             ;  0.34626             
;;  'E '  ;        ;  'G '  ;        ;        ;  2024-10-22  ;  19:16:14.969  ;  60.01               ;  12.391             ;  0.65692             ;  0.34837             
;;  'E '  ;        ;  'G '  ;        ;        ;  2024-10-22  ;  19:16:17.967  ;  60.01               ;  12.389             ;  0.65488             ;  0.34578             
;;  'E '  ;        ;  'G '  ;        ;        ;  2024-10-22  ;  19:16:20.966  ;  60.02               ;  12.387             ;  0.65547             ;  0.34505             
;;  'E '  ;        ;  'G '  ;        ;        ;  2024-10-22  ;  19:16:23.964  ;  60.02               ;  12.390             ;  0.65523             ;  0.34642             
;;  'E '  ;        ;  'G '  ;        ;        ;  2024-10-22  ;  19:16:26.963  ;  60.02               ;  12.391             ;  0.65581             ;  0.34514             
;;  'E '  ;        ;  'G '  ;        ;        ;  2024-10-22  ;  19:16:29.961  ;  60.02               ;  12.388             ;  0.65343             ;  0.34660             
;;  'E '  ;        ;  'G '  ;        ;        ;  2024-10-22  ;  19:16:32.960  ;  60.03               ;  12.385             ;  0.65509             ;  0.34584             
;;  'E '  ;        ;  'G '  ;        ;        ;  2024-10-22  ;  19:16:35.959  ;  60.03               ;  12.384             ;  0.65670             ;  0.34773             
;;  'E '  ;        ;  'G '  ;        ;        ;  2024-10-22  ;  19:16:38.959  ;  60.03               ;  12.383             ;  0.65847             ;  0.34364             
;;  'E '  ;        ;  'G '  ;        ;        ;  2024-10-22  ;  19:16:41.959  ;  60.02               ;  12.380             ;  0.65912             ;  0.34686             
;;  'E '  ;        ;  'G '  ;        ;        ;  2024-10-22  ;  19:16:44.959  ;  60.01               ;  12.384             ;  0.66033             ;  0.34492             
;;  'E '  ;        ;  'G '  ;        ;        ;  2024-10-22  ;  19:16:47.959  ;  60.01               ;  12.388             ;  0.65839             ;  0.34534             
;;  'E '  ;        ;  'G '  ;        ;        ;  2024-10-22  ;  19:16:50.959  ;  60.01               ;  12.389             ;  0.65567             ;  0.34805             
;;  'E '  ;        ;  'G '  ;        ;        ;  2024-10-22  ;  19:16:53.959  ;  60.00               ;  12.392             ;  0.65682             ;  0.34742             
;;  'E '  ;        ;  'G '  ;        ;        ;  2024-10-22  ;  19:16:56.959  ;  60.00               ;  12.392             ;  0.65590             ;  0.34511             
;;  'E '  ;        ;  'G '  ;        ;        ;  2024-10-22  ;  19:16:59.959  ;  60.00               ;  12.390             ;  0.65987             ;  0.34706             
;;  'E '  ;        ;  'G '  ;        ;        ;  2024-10-22  ;  19:17:02.958  ;  60.00               ;  12.394             ;  0.65935             ;  0.34860             
;;  'E '  ;        ;  'G '  ;        ;        ;  2024-10-22  ;  19:17:05.957  ;  60.00               ;  12.385             ;  0.66089             ;  0.34808             
;;  'E '  ;        ;  'G '  ;        ;        ;  2024-10-22  ;  19:17:08.955  ;  60.00               ;  12.393             ;  0.66226             ;  0.34500             
;;  'E '  ;        ;  'G '  ;        ;        ;  2024-10-22  ;  19:17:11.953  ;  60.02               ;  12.390             ;  0.66138             ;  0.34472             
;;  'E '  ;        ;  'G '  ;        ;        ;  2024-10-22  ;  19:17:14.952  ;  60.03               ;  12.389             ;  0.65838             ;  0.34230             
;;  'E '  ;        ;  'G '  ;        ;        ;  2024-10-22  ;  19:17:17.951  ;  60.03               ;  12.389             ;  0.66124             ;  0.34476             
;;  'E '  ;        ;  'G '  ;        ;        ;  2024-10-22  ;  19:17:20.950  ;  60.02               ;  12.389             ;  0.66210             ;  0.34654             
;;  'E '  ;        ;  'G '  ;        ;        ;  2024-10-22  ;  19:17:23.950  ;  60.02               ;  12.393             ;  0.66240             ;  0.34733             
;;  'E '  ;        ;  'G '  ;        ;        ;  2024-10-22  ;  19:17:26.949  ;  60.02               ;  12.391             ;  0.66197             ;  0.34511             
;;  'E '  ;        ;  'G '  ;        ;        ;  2024-10-22  ;  19:17:29.949  ;  60.02               ;  12.392             ;  0.66152             ;  0.34693             
;;  'E '  ;        ;  'G '  ;        ;        ;  2024-10-22  ;  19:17:32.948  ;  60.01               ;  12.393             ;  0.66222             ;  0.34748             
;;  'E '  ;        ;  'G '  ;        ;        ;  2024-10-22  ;  19:17:35.949  ;  60.01               ;  12.391             ;  0.66177             ;  0.34671             
;;  'E '  ;        ;  'G '  ;        ;        ;  2024-10-22  ;  19:17:38.949  ;  60.01               ;  12.391             ;  0.66148             ;  0.34552             
;;  'E '  ;        ;  'G '  ;        ;        ;  2024-10-22  ;  19:17:41.950  ;  60.00               ;  12.391             ;  0.66178             ;  0.34432             
;;  'E '  ;        ;  'G '  ;        ;        ;  2024-10-22  ;  19:17:44.952  ;  59.99               ;  12.388             ;  0.66271             ;  0.34611             
;;  'E '  ;        ;  'G '  ;        ;        ;  2024-10-22  ;  19:17:47.953  ;  59.99               ;  12.388             ;  0.66283             ;  0.34648             
;;  'E '  ;        ;  'G '  ;        ;        ;  2024-10-22  ;  19:17:50.954  ;  59.99               ;  12.391             ;  0.66297             ;  0.34705             
;;  'E '  ;        ;  'G '  ;        ;        ;  2024-10-22  ;  19:17:53.955  ;  59.97               ;  12.391             ;  0.66128             ;  0.34648             
;;  'E '  ;        ;  'G '  ;        ;        ;  2024-10-22  ;  19:17:56.956  ;  59.97               ;  12.392             ;  0.66198             ;  0.34635             
;;  'E '  ;        ;  'G '  ;        ;        ;  2024-10-22  ;  19:17:59.955  ;  59.97               ;  12.393             ;  0.66256             ;  0.34690             
;;  'E '  ;        ;  'G '  ;        ;        ;  2024-10-22  ;  19:18:02.954  ;  59.99               ;  12.395             ;  0.66152             ;  0.34834             
;;  'E '  ;        ;  'G '  ;        ;        ;  2024-10-22  ;  19:18:05.953  ;  59.99               ;  12.397             ;  0.66073             ;  0.34670             
;;  'E '  ;        ;  'G '  ;        ;        ;  2024-10-22  ;  19:18:08.952  ;  59.99               ;  12.397             ;  0.66350             ;  0.34726             
;;  'E '  ;        ;  'G '  ;        ;        ;  2024-10-22  ;  19:18:11.951  ;  60.01               ;  12.390             ;  0.66263             ;  0.34835             
;;  'E '  ;        ;  'G '  ;        ;        ;  2024-10-22  ;  19:18:14.950  ;  60.02               ;  12.391             ;  0.66244             ;  0.34785             
;;  'E '  ;        ;  'G '  ;        ;        ;  2024-10-22  ;  19:18:17.950  ;  60.02               ;  12.394             ;  0.66128             ;  0.34723             
;;  'E '  ;        ;  'G '  ;        ;        ;  2024-10-22  ;  19:18:20.949  ;  60.02               ;  12.394             ;  0.66197             ;  0.34770             
;;  'E '  ;        ;  'G '  ;        ;        ;  2024-10-22  ;  19:18:23.948  ;  60.01               ;  12.397             ;  0.66184             ;  0.34975             
;;  'E '  ;        ;  'G '  ;        ;        ;  2024-10-22  ;  19:18:26.947  ;  60.01               ;  12.397             ;  0.66288             ;  0.34881             
;;  'E '  ;        ;  'G '  ;        ;        ;  2024-10-22  ;  19:18:29.944  ;  60.01               ;  12.400             ;  0.66334             ;  0.34809             
;;  'E '  ;        ;  'G '  ;        ;        ;  2024-10-22  ;  19:18:32.942  ;  60.03               ;  12.399             ;  0.66218             ;  0.34953             
;;  'E '  ;        ;  'G '  ;        ;        ;  2024-10-22  ;  19:18:35.941  ;  60.03               ;  12.396             ;  0.66139             ;  0.34941             
;;  'E '  ;        ;  'G '  ;        ;        ;  2024-10-22  ;  19:18:38.940  ;  60.03               ;  12.393             ;  0.66333             ;  0.34820             
;;  'E '  ;        ;  'G '  ;        ;        ;  2024-10-22  ;  19:18:41.938  ;  60.03               ;  12.393             ;  0.66032             ;  0.34796             
;;  'E '  ;        ;  'G '  ;        ;        ;  2024-10-22  ;  19:18:44.937  ;  60.03               ;  12.391             ;  0.66155             ;  0.34709             
;;  'E '  ;        ;  'G '  ;        ;        ;  2024-10-22  ;  19:18:47.936  ;  60.03               ;  12.393             ;  0.65916             ;  0.34831             
;;  'E '  ;        ;  'G '  ;        ;        ;  2024-10-22  ;  19:18:50.934  ;  60.03               ;  12.395             ;  0.65869             ;  0.34589             
;;  'E '  ;        ;  'G '  ;        ;        ;  2024-10-22  ;  19:18:53.933  ;  60.02               ;  12.397             ;  0.66099             ;  0.34662             
;;  'E '  ;        ;  'G '  ;        ;        ;  2024-10-22  ;  19:18:56.931  ;  60.02               ;  12.392             ;  0.66326             ;  0.34800             
;;  'E '  ;        ;  'G '  ;        ;        ;  2024-10-22  ;  19:18:59.930  ;  60.02               ;  12.396             ;  0.66248             ;  0.34696             
;;  'E '  ;        ;  'G '  ;        ;        ;  2024-10-22  ;  19:19:02.929  ;  60.03               ;  12.394             ;  0.66392             ;  0.34710             
;;  'E '  ;        ;  'G '  ;        ;        ;  2024-10-22  ;  19:19:05.928  ;  60.03               ;  12.398             ;  0.66346             ;  0.34593             
;;  'E '  ;        ;  'G '  ;        ;        ;  2024-10-22  ;  19:19:08.927  ;  60.03               ;  12.397             ;  0.66243             ;  0.34887             
;;  'E '  ;        ;  'G '  ;        ;        ;  2024-10-22  ;  19:19:11.925  ;  60.02               ;  12.395             ;  0.66203             ;  0.34893             
;;  'E '  ;        ;  'G '  ;        ;        ;  2024-10-22  ;  19:19:14.924  ;  60.02               ;  12.394             ;  0.66144             ;  0.34773             
;;  'E '  ;        ;  'G '  ;        ;        ;  2024-10-22  ;  19:19:17.923  ;  60.02               ;  12.391             ;  0.66021             ;  0.34836             
;;  'E '  ;        ;  'G '  ;        ;        ;  2024-10-22  ;  19:19:20.923  ;  60.02               ;  12.390             ;  0.66241             ;  0.34922             
;;  'E '  ;        ;  'G '  ;        ;        ;  2024-10-22  ;  19:19:23.924  ;  60.02               ;  12.389             ;  0.66066             ;  0.34710             
;;  'E '  ;        ;  'G '  ;        ;        ;  2024-10-22  ;  19:19:26.924  ;  60.02               ;  12.386             ;  0.66127             ;  0.34670             
;;  'E '  ;        ;  'G '  ;        ;        ;  2024-10-22  ;  19:19:29.925  ;  60.02               ;  12.389             ;  0.66069             ;  0.34515             
;;  'E '  ;        ;  'G '  ;        ;        ;  2024-10-22  ;  19:19:32.926  ;  59.99               ;  12.387             ;  0.66063             ;  0.34589             
;;  'E '  ;        ;  'G '  ;        ;        ;  2024-10-22  ;  19:19:35.926  ;  59.99               ;  12.391             ;  0.65979             ;  0.34653             
;;  'E '  ;        ;  'G '  ;        ;        ;  2024-10-22  ;  19:19:38.926  ;  59.99               ;  12.388             ;  0.66008             ;  0.34608             
;;  'E '  ;        ;  'G '  ;        ;        ;  2024-10-22  ;  19:19:41.925  ;  59.99               ;  12.389             ;  0.66107             ;  0.34469             
;;  'E '  ;        ;  'G '  ;        ;        ;  2024-10-22  ;  19:19:44.924  ;  59.99               ;  12.391             ;  0.66155             ;  0.34489             
;;  'E '  ;        ;  'G '  ;        ;        ;  2024-10-22  ;  19:19:47.923  ;  59.99               ;  12.392             ;  0.66188             ;  0.34666             
;;  'E '  ;        ;  'G '  ;        ;        ;  2024-10-22  ;  19:19:50.922  ;  60.00               ;  12.393             ;  0.66119             ;  0.34597             
;;  'E '  ;        ;  'G '  ;        ;        ;  2024-10-22  ;  19:19:53.920  ;  60.02               ;  12.394             ;  0.66188             ;  0.34528             
;;  'E '  ;        ;  'G '  ;        ;        ;  2024-10-22  ;  19:19:56.919  ;  60.02               ;  12.396             ;  0.66239             ;  0.34552             
;;  'E '  ;        ;  'G '  ;        ;        ;  2024-10-22  ;  19:19:59.917  ;  60.02               ;  12.396             ;  0.66220             ;  0.34523             
;;  'E '  ;        ;  'G '  ;        ;        ;  2024-10-22  ;  19:20:02.799  ;  60.03               ;  12.392             ;  0.66105             ;  0.34720             
;;  'E '  ;        ;  'G '  ;        ;        ;  2024-10-22  ;  19:20:02.999  ;  60.03               ;  12.391             ;  0.66085             ;  0.34748             
;;  'E '  ;        ;  'G '  ;        ;        ;  2024-10-22  ;  19:20:05.998  ;  60.03               ;  12.396             ;  0.66176             ;  0.34651             
;;  'E '  ;        ;  'G '  ;        ;        ;  2024-10-22  ;  19:20:08.998  ;  60.03               ;  12.393             ;  0.66355             ;  0.34767             
;;  'E '  ;        ;  'G '  ;        ;        ;  2024-10-22  ;  19:20:11.997  ;  60.02               ;  12.395             ;  0.66350             ;  0.34598             
;;  'E '  ;        ;  'G '  ;        ;        ;  2024-10-22  ;  19:20:14.997  ;  60.01               ;  12.395             ;  0.66446             ;  0.34655             
;;  'E '  ;        ;  'G '  ;        ;        ;  2024-10-22  ;  19:20:17.997  ;  60.01               ;  12.396             ;  0.66231             ;  0.34678             
;;  'E '  ;        ;  'G '  ;        ;        ;  2024-10-22  ;  19:20:20.996  ;  60.01               ;  12.389             ;  0.65898             ;  0.34662             
;;  'E '  ;        ;  'G '  ;        ;        ;  2024-10-22  ;  19:20:23.995  ;  60.01               ;  12.396             ;  0.66135             ;  0.34706             
;;  'E '  ;        ;  'G '  ;        ;        ;  2024-10-22  ;  19:20:26.993  ;  60.01               ;  12.397             ;  0.66088             ;  0.34746             
;;  'E '  ;        ;  'G '  ;        ;        ;  2024-10-22  ;  19:20:29.991  ;  60.01               ;  12.401             ;  0.66009             ;  0.34758             
;;  'E '  ;        ;  'G '  ;        ;        ;  2024-10-22  ;  19:20:32.989  ;  60.03               ;  12.391             ;  0.66073             ;  0.34740             
;;  'E '  ;        ;  'G '  ;        ;        ;  2024-10-22  ;  19:20:35.987  ;  60.03               ;  12.393             ;  0.65933             ;  0.34736             
;;  'E '  ;        ;  'G '  ;        ;        ;  2024-10-22  ;  19:20:38.985  ;  60.03               ;  12.387             ;  0.66006             ;  0.34549             
;;  'E '  ;        ;  'G '  ;        ;        ;  2024-10-22  ;  19:20:41.984  ;  60.04               ;  12.386             ;  0.65837             ;  0.34594             
;;  'E '  ;        ;  'G '  ;        ;        ;  2024-10-22  ;  19:20:44.983  ;  60.04               ;  12.385             ;  0.65980             ;  0.34885             
;;  'E '  ;        ;  'G '  ;        ;        ;  2024-10-22  ;  19:20:47.982  ;  60.04               ;  12.387             ;  0.66108             ;  0.35005             
;;  'E '  ;        ;  'G '  ;        ;        ;  2024-10-22  ;  19:20:50.981  ;  60.03               ;  12.383             ;  0.66093             ;  0.34604             
;;  'E '  ;        ;  'G '  ;        ;        ;  2024-10-22  ;  19:20:53.981  ;  60.02               ;  12.384             ;  0.66067             ;  0.34688             
;;  'E '  ;        ;  'G '  ;        ;        ;  2024-10-22  ;  19:20:56.979  ;  60.02               ;  12.382             ;  0.66051             ;  0.34395             
;;  'E '  ;        ;  'G '  ;        ;        ;  2024-10-22  ;  19:20:59.978  ;  60.02               ;  12.382             ;  0.66154             ;  0.34272             
;;  'E '  ;        ;  'G '  ;        ;        ;  2024-10-22  ;  19:21:02.977  ;  60.02               ;  12.378             ;  0.65975             ;  0.34351             
;;  'E '  ;        ;  'G '  ;        ;        ;  2024-10-22  ;  19:21:05.976  ;  60.02               ;  12.377             ;  0.66017             ;  0.34641             
;;  'E '  ;        ;  'G '  ;        ;        ;  2024-10-22  ;  19:21:08.975  ;  60.02               ;  12.375             ;  0.65994             ;  0.34147             
;;  'E '  ;        ;  'G '  ;        ;        ;  2024-10-22  ;  19:21:11.973  ;  60.02               ;  12.380             ;  0.65825             ;  0.34348             
;;  'E '  ;        ;  'G '  ;        ;        ;  2024-10-22  ;  19:21:14.971  ;  60.02               ;  12.378             ;  0.66130             ;  0.34467             
;;  'E '  ;        ;  'G '  ;        ;        ;  2024-10-22  ;  19:21:17.969  ;  60.02               ;  12.377             ;  0.66114             ;  0.34434             
;;  'E '  ;        ;  'G '  ;        ;        ;  2024-10-22  ;  19:21:20.968  ;  60.03               ;  12.375             ;  0.66053             ;  0.34674             
;;  'E '  ;        ;  'G '  ;        ;        ;  2024-10-22  ;  19:21:23.967  ;  60.04               ;  12.373             ;  0.65947             ;  0.34312             
;;  'E '  ;        ;  'G '  ;        ;        ;  2024-10-22  ;  19:21:26.966  ;  60.04               ;  12.372             ;  0.66019             ;  0.34299             
;;  'E '  ;        ;  'G '  ;        ;        ;  2024-10-22  ;  19:21:29.966  ;  60.04               ;  12.370             ;  0.66050             ;  0.34415             
;;  'E '  ;        ;  'G '  ;        ;        ;  2024-10-22  ;  19:21:32.966  ;  60.01               ;  12.371             ;  0.66160             ;  0.34362             
;;  'E '  ;        ;  'G '  ;        ;        ;  2024-10-22  ;  19:21:35.965  ;  60.01               ;  12.374             ;  0.66166             ;  0.34432             
;;  'E '  ;        ;  'G '  ;        ;        ;  2024-10-22  ;  19:21:38.964  ;  60.01               ;  12.375             ;  0.66182             ;  0.34396             
;;  'E '  ;        ;  'G '  ;        ;        ;  2024-10-22  ;  19:21:41.963  ;  60.01               ;  12.379             ;  0.65983             ;  0.34433             
;;  'E '  ;        ;  'G '  ;        ;        ;  2024-10-22  ;  19:21:44.961  ;  60.01               ;  12.376             ;  0.65937             ;  0.34439             
;;  'E '  ;        ;  'G '  ;        ;        ;  2024-10-22  ;  19:21:47.959  ;  60.01               ;  12.375             ;  0.66072             ;  0.34349             
;;  'E '  ;        ;  'G '  ;        ;        ;  2024-10-22  ;  19:21:50.958  ;  60.02               ;  12.373             ;  0.66142             ;  0.34453             
;;  'E '  ;        ;  'G '  ;        ;        ;  2024-10-22  ;  19:21:53.956  ;  60.03               ;  12.373             ;  0.66041             ;  0.34087             
;;  'E '  ;        ;  'G '  ;        ;        ;  2024-10-22  ;  19:21:56.955  ;  60.03               ;  12.371             ;  0.66011             ;  0.34163             
;;  'E '  ;        ;  'G '  ;        ;        ;  2024-10-22  ;  19:21:59.954  ;  60.03               ;  12.370             ;  0.66108             ;  0.34413             
;;  'E '  ;        ;  'G '  ;        ;        ;  2024-10-22  ;  19:22:02.954  ;  60.02               ;  12.371             ;  0.65912             ;  0.34351             
