"Índice";"Fecha";"Hora";"Función";"Leyendo";"Unidad"
"1";"7/6/24";"20:20:29";"CA V";"119,9";"V"
"2";"7/6/24";"20:20:30";"CA V";"119,8";"V"
"3";"7/6/24";"20:20:31";"CA V";"119,8";"V"
"4";"7/6/24";"20:20:32";"CA V";"119,8";"V"
"5";"7/6/24";"20:20:33";"CA V";"119,9";"V"
"6";"7/6/24";"20:20:34";"CA V";"119,9";"V"
"7";"7/6/24";"20:20:35";"CA V";"120,0";"V"
"8";"7/6/24";"20:20:36";"CA V";"120,0";"V"
"9";"7/6/24";"20:20:37";"CA V";"120,0";"V"
"10";"7/6/24";"20:20:38";"CA V";"120,0";"V"
"11";"7/6/24";"20:20:39";"CA V";"120,0";"V"
"12";"7/6/24";"20:20:40";"CA V";"120,0";"V"
"13";"7/6/24";"20:20:41";"CA V";"120,0";"V"
"14";"7/6/24";"20:20:42";"CA V";"120,0";"V"
"15";"7/6/24";"20:20:43";"CA V";"120,0";"V"
"16";"7/6/24";"20:20:44";"CA V";"120,0";"V"
"17";"7/6/24";"20:20:45";"CA V";"120,0";"V"
"18";"7/6/24";"20:20:46";"CA V";"120,1";"V"
"19";"7/6/24";"20:20:47";"CA V";"120,1";"V"
"20";"7/6/24";"20:20:48";"CA V";"120,1";"V"
"21";"7/6/24";"20:20:49";"CA V";"120,1";"V"
"22";"7/6/24";"20:20:50";"CA V";"120,0";"V"
"23";"7/6/24";"20:20:51";"CA V";"120,1";"V"
"24";"7/6/24";"20:20:52";"CA V";"120,1";"V"
"25";"7/6/24";"20:20:53";"CA V";"120,1";"V"
"26";"7/6/24";"20:20:54";"CA V";"120,1";"V"
"27";"7/6/24";"20:20:55";"CA V";"120,1";"V"
"28";"7/6/24";"20:20:56";"CA V";"120,1";"V"
"29";"7/6/24";"20:20:57";"CA V";"120,1";"V"
"30";"7/6/24";"20:20:58";"CA V";"120,1";"V"
"31";"7/6/24";"20:20:59";"CA V";"120,0";"V"
"32";"7/6/24";"20:21:00";"CA V";"120,0";"V"
"33";"7/6/24";"20:21:01";"CA V";"120,0";"V"
"34";"7/6/24";"20:21:02";"CA V";"120,0";"V"
"35";"7/6/24";"20:21:03";"CA V";"120,0";"V"
"36";"7/6/24";"20:21:04";"CA V";"120,0";"V"
"37";"7/6/24";"20:21:05";"CA V";"120,0";"V"
"38";"7/6/24";"20:21:06";"CA V";"120,0";"V"
"39";"7/6/24";"20:21:07";"CA V";"120,0";"V"
"40";"7/6/24";"20:21:08";"CA V";"120,0";"V"
"41";"7/6/24";"20:21:09";"CA V";"120,0";"V"
"42";"7/6/24";"20:21:10";"CA V";"120,0";"V"
"43";"7/6/24";"20:21:11";"CA V";"120,0";"V"
"44";"7/6/24";"20:21:12";"CA V";"120,0";"V"
"45";"7/6/24";"20:21:13";"CA V";"120,0";"V"
"46";"7/6/24";"20:21:14";"CA V";"120,0";"V"
"47";"7/6/24";"20:21:15";"CA V";"120,0";"V"
"48";"7/6/24";"20:21:16";"CA V";"120,0";"V"
"49";"7/6/24";"20:21:17";"CA V";"120,0";"V"
"50";"7/6/24";"20:21:18";"CA V";"120,0";"V"
"51";"7/6/24";"20:21:19";"CA V";"120,0";"V"
"52";"7/6/24";"20:21:20";"CA V";"120,0";"V"
"53";"7/6/24";"20:21:21";"CA V";"120,0";"V"
"54";"7/6/24";"20:21:22";"CA V";"120,0";"V"
"55";"7/6/24";"20:21:23";"CA V";"120,0";"V"
"56";"7/6/24";"20:21:24";"CA V";"120,0";"V"
"57";"7/6/24";"20:21:25";"CA V";"120,0";"V"
"58";"7/6/24";"20:21:26";"CA V";"120,0";"V"
"59";"7/6/24";"20:21:27";"CA V";"120,0";"V"
"60";"7/6/24";"20:21:28";"CA V";"120,0";"V"
"61";"7/6/24";"20:21:29";"CA V";"120,0";"V"
"62";"7/6/24";"20:21:30";"CA V";"120,0";"V"
"63";"7/6/24";"20:21:31";"CA V";"120,0";"V"
"64";"7/6/24";"20:21:32";"CA V";"120,0";"V"
"65";"7/6/24";"20:21:33";"CA V";"120,0";"V"
"66";"7/6/24";"20:21:34";"CA V";"120,0";"V"
"67";"7/6/24";"20:21:35";"CA V";"120,0";"V"
"68";"7/6/24";"20:21:36";"CA V";"120,0";"V"
"69";"7/6/24";"20:21:37";"CA V";"120,0";"V"
"70";"7/6/24";"20:21:38";"CA V";"120,0";"V"
"71";"7/6/24";"20:21:39";"CA V";"120,0";"V"
"72";"7/6/24";"20:21:40";"CA V";"120,0";"V"
"73";"7/6/24";"20:21:41";"CA V";"120,0";"V"
"74";"7/6/24";"20:21:42";"CA V";"120,0";"V"
"75";"7/6/24";"20:21:43";"CA V";"120,0";"V"
"76";"7/6/24";"20:21:44";"CA V";"120,0";"V"
"77";"7/6/24";"20:21:45";"CA V";"120,0";"V"
"78";"7/6/24";"20:21:46";"CA V";"120,0";"V"
"79";"7/6/24";"20:21:47";"CA V";"120,0";"V"
"80";"7/6/24";"20:21:48";"CA V";"120,0";"V"
"81";"7/6/24";"20:21:49";"CA V";"120,0";"V"
"82";"7/6/24";"20:21:50";"CA V";"120,0";"V"
"83";"7/6/24";"20:21:51";"CA V";"120,0";"V"
"84";"7/6/24";"20:21:52";"CA V";"120,0";"V"
"85";"7/6/24";"20:21:53";"CA V";"120,0";"V"
"86";"7/6/24";"20:21:54";"CA V";"120,0";"V"
"87";"7/6/24";"20:21:55";"CA V";"120,0";"V"
"88";"7/6/24";"20:21:56";"CA V";"120,0";"V"
"89";"7/6/24";"20:21:57";"CA V";"120,0";"V"
"90";"7/6/24";"20:21:58";"CA V";"120,0";"V"
"91";"7/6/24";"20:21:59";"CA V";"120,0";"V"
"92";"7/6/24";"20:22:00";"CA V";"120,0";"V"
"93";"7/6/24";"20:22:01";"CA V";"120,0";"V"
"94";"7/6/24";"20:22:02";"CA V";"120,0";"V"
"95";"7/6/24";"20:22:03";"CA V";"120,0";"V"
"96";"7/6/24";"20:22:04";"CA V";"120,0";"V"
"97";"7/6/24";"20:22:05";"CA V";"120,0";"V"
"98";"7/6/24";"20:22:06";"CA V";"120,0";"V"
"99";"7/6/24";"20:22:07";"CA V";"120,0";"V"
"100";"7/6/24";"20:22:08";"CA V";"120,0";"V"
"101";"7/6/24";"20:22:09";"CA V";"120,0";"V"
"102";"7/6/24";"20:22:10";"CA V";"120,0";"V"
"103";"7/6/24";"20:22:11";"CA V";"120,0";"V"
"104";"7/6/24";"20:22:12";"CA V";"120,0";"V"
"105";"7/6/24";"20:22:13";"CA V";"120,0";"V"
"106";"7/6/24";"20:22:14";"CA V";"120,0";"V"
"107";"7/6/24";"20:22:15";"CA V";"120,0";"V"
"108";"7/6/24";"20:22:16";"CA V";"120,0";"V"
"109";"7/6/24";"20:22:17";"CA V";"120,0";"V"
"110";"7/6/24";"20:22:18";"CA V";"120,0";"V"
"111";"7/6/24";"20:22:19";"CA V";"120,0";"V"
"112";"7/6/24";"20:22:20";"CA V";"120,0";"V"
"113";"7/6/24";"20:22:21";"CA V";"120,0";"V"
"114";"7/6/24";"20:22:22";"CA V";"120,0";"V"
"115";"7/6/24";"20:22:23";"CA V";"120,0";"V"
"116";"7/6/24";"20:22:24";"CA V";"120,0";"V"
"117";"7/6/24";"20:22:25";"CA V";"120,0";"V"
"118";"7/6/24";"20:22:26";"CA V";"120,0";"V"
"119";"7/6/24";"20:22:27";"CA V";"120,0";"V"
"120";"7/6/24";"20:22:28";"CA V";"120,0";"V"
"121";"7/6/24";"20:22:29";"CA V";"120,0";"V"
"122";"7/6/24";"20:22:30";"CA V";"120,0";"V"
"123";"7/6/24";"20:22:31";"CA V";"120,0";"V"
"124";"7/6/24";"20:22:32";"CA V";"120,0";"V"
"125";"7/6/24";"20:22:33";"CA V";"120,0";"V"
"126";"7/6/24";"20:22:34";"CA V";"120,0";"V"
"127";"7/6/24";"20:22:35";"CA V";"120,0";"V"
"128";"7/6/24";"20:22:36";"CA V";"120,0";"V"
"129";"7/6/24";"20:22:37";"CA V";"120,0";"V"
"130";"7/6/24";"20:22:38";"CA V";"120,0";"V"
"131";"7/6/24";"20:22:39";"CA V";"120,0";"V"
"132";"7/6/24";"20:22:40";"CA V";"120,0";"V"
"133";"7/6/24";"20:22:41";"CA V";"120,0";"V"
"134";"7/6/24";"20:22:42";"CA V";"120,0";"V"
"135";"7/6/24";"20:22:43";"CA V";"120,0";"V"
"136";"7/6/24";"20:22:44";"CA V";"120,0";"V"
"137";"7/6/24";"20:22:45";"CA V";"120,0";"V"
"138";"7/6/24";"20:22:46";"CA V";"120,0";"V"
"139";"7/6/24";"20:22:47";"CA V";"120,0";"V"
"140";"7/6/24";"20:22:48";"CA V";"120,0";"V"
"141";"7/6/24";"20:22:49";"CA V";"120,0";"V"
"142";"7/6/24";"20:22:50";"CA V";"120,0";"V"
"143";"7/6/24";"20:22:51";"CA V";"120,0";"V"
"144";"7/6/24";"20:22:52";"CA V";"120,0";"V"
"145";"7/6/24";"20:22:53";"CA V";"120,0";"V"
"146";"7/6/24";"20:22:54";"CA V";"119,9";"V"
"147";"7/6/24";"20:22:55";"CA V";"119,9";"V"
"148";"7/6/24";"20:22:56";"CA V";"119,9";"V"
"149";"7/6/24";"20:22:57";"CA V";"119,9";"V"
"150";"7/6/24";"20:22:58";"CA V";"119,9";"V"
"151";"7/6/24";"20:22:59";"CA V";"119,9";"V"
"152";"7/6/24";"20:23:00";"CA V";"119,9";"V"
"153";"7/6/24";"20:23:01";"CA V";"119,9";"V"
"154";"7/6/24";"20:23:02";"CA V";"119,9";"V"
"155";"7/6/24";"20:23:03";"CA V";"119,9";"V"
"156";"7/6/24";"20:23:04";"CA V";"119,9";"V"
"157";"7/6/24";"20:23:05";"CA V";"119,9";"V"
"158";"7/6/24";"20:23:06";"CA V";"119,9";"V"
"159";"7/6/24";"20:23:07";"CA V";"119,9";"V"
"160";"7/6/24";"20:23:08";"CA V";"119,9";"V"
"161";"7/6/24";"20:23:09";"CA V";"119,9";"V"
"162";"7/6/24";"20:23:10";"CA V";"119,9";"V"
"163";"7/6/24";"20:23:11";"CA V";"119,9";"V"
"164";"7/6/24";"20:23:12";"CA V";"119,9";"V"
"165";"7/6/24";"20:23:13";"CA V";"119,9";"V"
"166";"7/6/24";"20:23:14";"CA V";"119,9";"V"
"167";"7/6/24";"20:23:15";"CA V";"119,9";"V"
"168";"7/6/24";"20:23:16";"CA V";"119,9";"V"
"169";"7/6/24";"20:23:17";"CA V";"119,9";"V"
"170";"7/6/24";"20:23:18";"CA V";"119,9";"V"
"171";"7/6/24";"20:23:19";"CA V";"119,9";"V"
"172";"7/6/24";"20:23:20";"CA V";"119,8";"V"
"173";"7/6/24";"20:23:21";"CA V";"119,8";"V"
"174";"7/6/24";"20:23:22";"CA V";"119,8";"V"
"175";"7/6/24";"20:23:23";"CA V";"119,8";"V"
"176";"7/6/24";"20:23:24";"CA V";"119,8";"V"
"177";"7/6/24";"20:23:25";"CA V";"119,8";"V"
"178";"7/6/24";"20:23:26";"CA V";"119,8";"V"
"179";"7/6/24";"20:23:27";"CA V";"119,8";"V"
"180";"7/6/24";"20:23:28";"CA V";"119,8";"V"
"181";"7/6/24";"20:23:29";"CA V";"119,8";"V"
"182";"7/6/24";"20:23:30";"CA V";"119,8";"V"
"183";"7/6/24";"20:23:31";"CA V";"119,8";"V"
"184";"7/6/24";"20:23:32";"CA V";"119,8";"V"
"185";"7/6/24";"20:23:33";"CA V";"119,8";"V"
"186";"7/6/24";"20:23:34";"CA V";"119,9";"V"
"187";"7/6/24";"20:23:35";"CA V";"119,9";"V"
"188";"7/6/24";"20:23:36";"CA V";"119,9";"V"
"189";"7/6/24";"20:23:37";"CA V";"119,8";"V"
"190";"7/6/24";"20:23:38";"CA V";"119,8";"V"
"191";"7/6/24";"20:23:39";"CA V";"119,8";"V"
"192";"7/6/24";"20:23:40";"CA V";"119,9";"V"
"193";"7/6/24";"20:23:41";"CA V";"119,9";"V"
"194";"7/6/24";"20:23:42";"CA V";"119,8";"V"
"195";"7/6/24";"20:23:43";"CA V";"119,8";"V"
"196";"7/6/24";"20:23:44";"CA V";"119,8";"V"
"197";"7/6/24";"20:23:45";"CA V";"119,8";"V"
"198";"7/6/24";"20:23:46";"CA V";"119,8";"V"
"199";"7/6/24";"20:23:47";"CA V";"119,8";"V"
"200";"7/6/24";"20:23:48";"CA V";"119,8";"V"
"201";"7/6/24";"20:23:49";"CA V";"119,8";"V"
"202";"7/6/24";"20:23:50";"CA V";"119,8";"V"
"203";"7/6/24";"20:23:51";"CA V";"119,8";"V"
"204";"7/6/24";"20:23:52";"CA V";"119,8";"V"
"205";"7/6/24";"20:23:53";"CA V";"119,8";"V"
"206";"7/6/24";"20:23:54";"CA V";"119,8";"V"
"207";"7/6/24";"20:23:55";"CA V";"119,8";"V"
"208";"7/6/24";"20:23:56";"CA V";"119,8";"V"
"209";"7/6/24";"20:23:57";"CA V";"119,8";"V"
"210";"7/6/24";"20:23:58";"CA V";"119,8";"V"
"211";"7/6/24";"20:23:59";"CA V";"119,8";"V"
"212";"7/6/24";"20:24:00";"CA V";"119,8";"V"
"213";"7/6/24";"20:24:01";"CA V";"119,8";"V"
"214";"7/6/24";"20:24:02";"CA V";"119,8";"V"
"215";"7/6/24";"20:24:03";"CA V";"119,8";"V"
"216";"7/6/24";"20:24:04";"CA V";"119,8";"V"
"217";"7/6/24";"20:24:05";"CA V";"119,8";"V"
"218";"7/6/24";"20:24:06";"CA V";"119,8";"V"
"219";"7/6/24";"20:24:07";"CA V";"119,8";"V"
"220";"7/6/24";"20:24:08";"CA V";"119,8";"V"
"221";"7/6/24";"20:24:09";"CA V";"119,8";"V"
"222";"7/6/24";"20:24:10";"CA V";"119,8";"V"
"223";"7/6/24";"20:24:11";"CA V";"119,9";"V"
"224";"7/6/24";"20:24:12";"CA V";"119,9";"V"
"225";"7/6/24";"20:24:13";"CA V";"119,9";"V"
"226";"7/6/24";"20:24:14";"CA V";"119,9";"V"
"227";"7/6/24";"20:24:15";"CA V";"119,9";"V"
"228";"7/6/24";"20:24:16";"CA V";"119,9";"V"
"229";"7/6/24";"20:24:17";"CA V";"119,9";"V"
"230";"7/6/24";"20:24:18";"CA V";"119,9";"V"
"231";"7/6/24";"20:24:19";"CA V";"119,9";"V"
"232";"7/6/24";"20:24:20";"CA V";"119,8";"V"
"233";"7/6/24";"20:24:21";"CA V";"119,8";"V"
"234";"7/6/24";"20:24:22";"CA V";"119,8";"V"
"235";"7/6/24";"20:24:23";"CA V";"119,8";"V"
"236";"7/6/24";"20:24:24";"CA V";"119,8";"V"
"237";"7/6/24";"20:24:25";"CA V";"119,8";"V"
"238";"7/6/24";"20:24:26";"CA V";"119,8";"V"
"239";"7/6/24";"20:24:27";"CA V";"119,8";"V"
"240";"7/6/24";"20:24:28";"CA V";"119,8";"V"
"241";"7/6/24";"20:24:29";"CA V";"119,8";"V"
"242";"7/6/24";"20:24:30";"CA V";"119,8";"V"
"243";"7/6/24";"20:24:31";"CA V";"119,8";"V"
"244";"7/6/24";"20:24:32";"CA V";"119,8";"V"
"245";"7/6/24";"20:24:33";"CA V";"119,8";"V"
"246";"7/6/24";"20:24:34";"CA V";"119,8";"V"
"247";"7/6/24";"20:24:35";"CA V";"119,8";"V"
"248";"7/6/24";"20:24:36";"CA V";"119,8";"V"
"249";"7/6/24";"20:24:37";"CA V";"119,8";"V"
"250";"7/6/24";"20:24:38";"CA V";"119,9";"V"
"251";"7/6/24";"20:24:39";"CA V";"119,9";"V"
"252";"7/6/24";"20:24:40";"CA V";"119,9";"V"
"253";"7/6/24";"20:24:41";"CA V";"119,9";"V"
"254";"7/6/24";"20:24:42";"CA V";"119,9";"V"
"255";"7/6/24";"20:24:43";"CA V";"119,9";"V"
"256";"7/6/24";"20:24:44";"CA V";"119,9";"V"
"257";"7/6/24";"20:24:45";"CA V";"119,9";"V"
"258";"7/6/24";"20:24:46";"CA V";"119,8";"V"
"259";"7/6/24";"20:24:47";"CA V";"119,8";"V"
"260";"7/6/24";"20:24:48";"CA V";"119,9";"V"
"261";"7/6/24";"20:24:49";"CA V";"119,9";"V"
"262";"7/6/24";"20:24:50";"CA V";"119,8";"V"
"263";"7/6/24";"20:24:51";"CA V";"119,8";"V"
"264";"7/6/24";"20:24:52";"CA V";"119,8";"V"
"265";"7/6/24";"20:24:53";"CA V";"119,8";"V"
"266";"7/6/24";"20:24:54";"CA V";"119,9";"V"
"267";"7/6/24";"20:24:55";"CA V";"119,8";"V"
"268";"7/6/24";"20:24:56";"CA V";"119,8";"V"
"269";"7/6/24";"20:24:57";"CA V";"119,8";"V"
"270";"7/6/24";"20:24:58";"CA V";"119,8";"V"
"271";"7/6/24";"20:24:59";"CA V";"119,8";"V"
"272";"7/6/24";"20:25:00";"CA V";"119,8";"V"
"273";"7/6/24";"20:25:01";"CA V";"119,8";"V"
"274";"7/6/24";"20:25:02";"CA V";"119,8";"V"
"275";"7/6/24";"20:25:03";"CA V";"119,8";"V"
"276";"7/6/24";"20:25:04";"CA V";"119,8";"V"
"277";"7/6/24";"20:25:05";"CA V";"119,8";"V"
"278";"7/6/24";"20:25:06";"CA V";"119,8";"V"
"279";"7/6/24";"20:25:07";"CA V";"119,8";"V"
"280";"7/6/24";"20:25:08";"CA V";"119,8";"V"
"281";"7/6/24";"20:25:09";"CA V";"119,8";"V"
"282";"7/6/24";"20:25:10";"CA V";"119,8";"V"
"283";"7/6/24";"20:25:11";"CA V";"119,8";"V"
"284";"7/6/24";"20:25:12";"CA V";"119,9";"V"
"285";"7/6/24";"20:25:13";"CA V";"119,9";"V"
"286";"7/6/24";"20:25:14";"CA V";"119,8";"V"
"287";"7/6/24";"20:25:15";"CA V";"119,9";"V"
"288";"7/6/24";"20:25:16";"CA V";"119,9";"V"
"289";"7/6/24";"20:25:17";"CA V";"119,9";"V"
"290";"7/6/24";"20:25:18";"CA V";"119,9";"V"
"291";"7/6/24";"20:25:19";"CA V";"119,9";"V"
"292";"7/6/24";"20:25:20";"CA V";"119,9";"V"
"293";"7/6/24";"20:25:21";"CA V";"119,9";"V"
"294";"7/6/24";"20:25:22";"CA V";"119,9";"V"
"295";"7/6/24";"20:25:23";"CA V";"119,9";"V"
"296";"7/6/24";"20:25:24";"CA V";"119,9";"V"
"297";"7/6/24";"20:25:25";"CA V";"119,9";"V"
"298";"7/6/24";"20:25:26";"CA V";"119,9";"V"
"299";"7/6/24";"20:25:27";"CA V";"119,9";"V"
"300";"7/6/24";"20:25:28";"CA V";"119,9";"V"
"301";"7/6/24";"20:25:29";"CA V";"119,9";"V"
"302";"7/6/24";"20:25:30";"CA V";"119,9";"V"
"303";"7/6/24";"20:25:31";"CA V";"119,9";"V"
"304";"7/6/24";"20:25:32";"CA V";"119,9";"V"
"305";"7/6/24";"20:25:33";"CA V";"119,9";"V"
"306";"7/6/24";"20:25:34";"CA V";"119,9";"V"
"307";"7/6/24";"20:25:35";"CA V";"119,9";"V"
"308";"7/6/24";"20:25:36";"CA V";"119,9";"V"
"309";"7/6/24";"20:25:37";"CA V";"119,9";"V"
"310";"7/6/24";"20:25:38";"CA V";"119,9";"V"
"311";"7/6/24";"20:25:39";"CA V";"119,9";"V"
"312";"7/6/24";"20:25:40";"CA V";"119,9";"V"
"313";"7/6/24";"20:25:41";"CA V";"119,9";"V"
"314";"7/6/24";"20:25:42";"CA V";"119,9";"V"
"315";"7/6/24";"20:25:43";"CA V";"119,9";"V"
"316";"7/6/24";"20:25:44";"CA V";"119,9";"V"
"317";"7/6/24";"20:25:45";"CA V";"119,9";"V"
"318";"7/6/24";"20:25:46";"CA V";"119,9";"V"
"319";"7/6/24";"20:25:47";"CA V";"119,9";"V"
"320";"7/6/24";"20:25:48";"CA V";"119,9";"V"
"321";"7/6/24";"20:25:49";"CA V";"119,9";"V"
"322";"7/6/24";"20:25:50";"CA V";"119,9";"V"
"323";"7/6/24";"20:25:51";"CA V";"119,9";"V"
"324";"7/6/24";"20:25:52";"CA V";"119,9";"V"
"325";"7/6/24";"20:25:53";"CA V";"119,9";"V"
"326";"7/6/24";"20:25:54";"CA V";"119,9";"V"
"327";"7/6/24";"20:25:55";"CA V";"119,9";"V"
"328";"7/6/24";"20:25:56";"CA V";"119,8";"V"
"329";"7/6/24";"20:25:57";"CA V";"119,8";"V"
"330";"7/6/24";"20:25:58";"CA V";"119,8";"V"
"331";"7/6/24";"20:25:59";"CA V";"119,8";"V"
"332";"7/6/24";"20:26:00";"CA V";"119,8";"V"
"333";"7/6/24";"20:26:01";"CA V";"119,8";"V"
"334";"7/6/24";"20:26:02";"CA V";"119,8";"V"
"335";"7/6/24";"20:26:03";"CA V";"119,8";"V"
"336";"7/6/24";"20:26:04";"CA V";"119,8";"V"
"337";"7/6/24";"20:26:05";"CA V";"119,8";"V"
"338";"7/6/24";"20:26:06";"CA V";"119,8";"V"
"339";"7/6/24";"20:26:07";"CA V";"119,8";"V"
"340";"7/6/24";"20:26:08";"CA V";"119,8";"V"
"341";"7/6/24";"20:26:09";"CA V";"119,8";"V"
"342";"7/6/24";"20:26:10";"CA V";"119,8";"V"
"343";"7/6/24";"20:26:11";"CA V";"119,9";"V"
"344";"7/6/24";"20:26:12";"CA V";"119,9";"V"
"345";"7/6/24";"20:26:13";"CA V";"119,9";"V"
"346";"7/6/24";"20:26:14";"CA V";"119,9";"V"
"347";"7/6/24";"20:26:15";"CA V";"119,9";"V"
"348";"7/6/24";"20:26:16";"CA V";"119,9";"V"
"349";"7/6/24";"20:26:17";"CA V";"119,9";"V"
"350";"7/6/24";"20:26:18";"CA V";"119,8";"V"
"351";"7/6/24";"20:26:19";"CA V";"119,8";"V"
"352";"7/6/24";"20:26:20";"CA V";"119,9";"V"
"353";"7/6/24";"20:26:21";"CA V";"119,9";"V"
"354";"7/6/24";"20:26:22";"CA V";"119,8";"V"
"355";"7/6/24";"20:26:23";"CA V";"119,8";"V"
"356";"7/6/24";"20:26:24";"CA V";"119,8";"V"
"357";"7/6/24";"20:26:25";"CA V";"119,8";"V"
"358";"7/6/24";"20:26:26";"CA V";"119,9";"V"
"359";"7/6/24";"20:26:27";"CA V";"119,9";"V"
"360";"7/6/24";"20:26:28";"CA V";"119,9";"V"
"361";"7/6/24";"20:26:29";"CA V";"119,9";"V"
"362";"7/6/24";"20:26:30";"CA V";"119,9";"V"
"363";"7/6/24";"20:26:31";"CA V";"119,9";"V"
"364";"7/6/24";"20:26:32";"CA V";"119,8";"V"
"365";"7/6/24";"20:26:33";"CA V";"119,8";"V"
"366";"7/6/24";"20:26:34";"CA V";"119,8";"V"
"367";"7/6/24";"20:26:35";"CA V";"119,8";"V"
"368";"7/6/24";"20:26:36";"CA V";"119,8";"V"
"369";"7/6/24";"20:26:37";"CA V";"119,8";"V"
"370";"7/6/24";"20:26:38";"CA V";"119,8";"V"
"371";"7/6/24";"20:26:39";"CA V";"119,8";"V"
"372";"7/6/24";"20:26:40";"CA V";"119,8";"V"
"373";"7/6/24";"20:26:41";"CA V";"119,8";"V"
"374";"7/6/24";"20:26:42";"CA V";"119,7";"V"
"375";"7/6/24";"20:26:43";"CA V";"119,8";"V"
"376";"7/6/24";"20:26:44";"CA V";"119,8";"V"
"377";"7/6/24";"20:26:45";"CA V";"119,8";"V"
"378";"7/6/24";"20:26:46";"CA V";"119,8";"V"
"379";"7/6/24";"20:26:47";"CA V";"119,8";"V"
"380";"7/6/24";"20:26:48";"CA V";"119,8";"V"
"381";"7/6/24";"20:26:49";"CA V";"119,8";"V"
"382";"7/6/24";"20:26:50";"CA V";"119,8";"V"
"383";"7/6/24";"20:26:51";"CA V";"119,8";"V"
"384";"7/6/24";"20:26:52";"CA V";"119,8";"V"
"385";"7/6/24";"20:26:53";"CA V";"119,8";"V"
"386";"7/6/24";"20:26:54";"CA V";"119,8";"V"
"387";"7/6/24";"20:26:55";"CA V";"119,8";"V"
"388";"7/6/24";"20:26:56";"CA V";"119,8";"V"
"389";"7/6/24";"20:26:57";"CA V";"119,8";"V"
"390";"7/6/24";"20:26:58";"CA V";"119,8";"V"
"391";"7/6/24";"20:26:59";"CA V";"119,8";"V"
"392";"7/6/24";"20:27:00";"CA V";"119,8";"V"
"393";"7/6/24";"20:27:01";"CA V";"119,8";"V"
"394";"7/6/24";"20:27:02";"CA V";"119,8";"V"
"395";"7/6/24";"20:27:03";"CA V";"119,8";"V"
"396";"7/6/24";"20:27:04";"CA V";"119,8";"V"
"397";"7/6/24";"20:27:05";"CA V";"119,8";"V"
"398";"7/6/24";"20:27:06";"CA V";"119,8";"V"
"399";"7/6/24";"20:27:07";"CA V";"119,8";"V"
"400";"7/6/24";"20:27:08";"CA V";"119,8";"V"
"401";"7/6/24";"20:27:09";"CA V";"119,8";"V"
"402";"7/6/24";"20:27:10";"CA V";"119,8";"V"
"403";"7/6/24";"20:27:11";"CA V";"119,8";"V"
"404";"7/6/24";"20:27:12";"CA V";"119,8";"V"
"405";"7/6/24";"20:27:13";"CA V";"119,8";"V"
"406";"7/6/24";"20:27:14";"CA V";"119,8";"V"
"407";"7/6/24";"20:27:15";"CA V";"119,8";"V"
"408";"7/6/24";"20:27:16";"CA V";"119,8";"V"
"409";"7/6/24";"20:27:17";"CA V";"119,8";"V"
"410";"7/6/24";"20:27:18";"CA V";"119,8";"V"
"411";"7/6/24";"20:27:19";"CA V";"119,8";"V"
"412";"7/6/24";"20:27:20";"CA V";"119,8";"V"
"413";"7/6/24";"20:27:21";"CA V";"119,8";"V"
"414";"7/6/24";"20:27:22";"CA V";"119,9";"V"
"415";"7/6/24";"20:27:23";"CA V";"119,9";"V"
"416";"7/6/24";"20:27:24";"CA V";"119,9";"V"
"417";"7/6/24";"20:27:25";"CA V";"119,9";"V"
"418";"7/6/24";"20:27:26";"CA V";"119,9";"V"
"419";"7/6/24";"20:27:27";"CA V";"119,9";"V"
"420";"7/6/24";"20:27:28";"CA V";"119,9";"V"
"421";"7/6/24";"20:27:29";"CA V";"119,9";"V"
"422";"7/6/24";"20:27:30";"CA V";"119,9";"V"
"423";"7/6/24";"20:27:31";"CA V";"119,9";"V"
"424";"7/6/24";"20:27:32";"CA V";"119,9";"V"
"425";"7/6/24";"20:27:33";"CA V";"119,9";"V"
"426";"7/6/24";"20:27:34";"CA V";"119,9";"V"
"427";"7/6/24";"20:27:35";"CA V";"119,9";"V"
"428";"7/6/24";"20:27:36";"CA V";"119,9";"V"
"429";"7/6/24";"20:27:37";"CA V";"119,9";"V"
"430";"7/6/24";"20:27:38";"CA V";"119,9";"V"
"431";"7/6/24";"20:27:39";"CA V";"119,9";"V"
"432";"7/6/24";"20:27:40";"CA V";"119,9";"V"
"433";"7/6/24";"20:27:41";"CA V";"119,9";"V"
"434";"7/6/24";"20:27:42";"CA V";"119,9";"V"
"435";"7/6/24";"20:27:43";"CA V";"119,9";"V"
"436";"7/6/24";"20:27:44";"CA V";"119,9";"V"
"437";"7/6/24";"20:27:45";"CA V";"119,9";"V"
"438";"7/6/24";"20:27:46";"CA V";"119,9";"V"
"439";"7/6/24";"20:27:47";"CA V";"119,9";"V"
"440";"7/6/24";"20:27:48";"CA V";"119,9";"V"
"441";"7/6/24";"20:27:49";"CA V";"119,9";"V"
"442";"7/6/24";"20:27:50";"CA V";"119,9";"V"
"443";"7/6/24";"20:27:51";"CA V";"119,9";"V"
"444";"7/6/24";"20:27:52";"CA V";"119,9";"V"
"445";"7/6/24";"20:27:53";"CA V";"119,9";"V"
"446";"7/6/24";"20:27:54";"CA V";"119,9";"V"
"447";"7/6/24";"20:27:55";"CA V";"119,9";"V"
"448";"7/6/24";"20:27:56";"CA V";"119,9";"V"
"449";"7/6/24";"20:27:57";"CA V";"119,9";"V"
"450";"7/6/24";"20:27:58";"CA V";"119,9";"V"
"451";"7/6/24";"20:27:59";"CA V";"119,9";"V"
"452";"7/6/24";"20:28:00";"CA V";"119,9";"V"
"453";"7/6/24";"20:28:01";"CA V";"119,9";"V"
"454";"7/6/24";"20:28:02";"CA V";"119,9";"V"
"455";"7/6/24";"20:28:03";"CA V";"119,9";"V"
"456";"7/6/24";"20:28:04";"CA V";"119,9";"V"
"457";"7/6/24";"20:28:05";"CA V";"119,9";"V"
"458";"7/6/24";"20:28:06";"CA V";"119,9";"V"
"459";"7/6/24";"20:28:07";"CA V";"119,9";"V"
"460";"7/6/24";"20:28:08";"CA V";"119,9";"V"
"461";"7/6/24";"20:28:09";"CA V";"119,9";"V"
"462";"7/6/24";"20:28:10";"CA V";"119,9";"V"
"463";"7/6/24";"20:28:11";"CA V";"119,9";"V"
"464";"7/6/24";"20:28:12";"CA V";"119,9";"V"
"465";"7/6/24";"20:28:13";"CA V";"119,8";"V"
"466";"7/6/24";"20:28:14";"CA V";"119,7";"V"
"467";"7/6/24";"20:28:15";"CA V";"119,7";"V"
"468";"7/6/24";"20:28:16";"CA V";"119,7";"V"
"469";"7/6/24";"20:28:17";"CA V";"119,8";"V"
"470";"7/6/24";"20:28:18";"CA V";"119,8";"V"
"471";"7/6/24";"20:28:19";"CA V";"119,9";"V"
"472";"7/6/24";"20:28:20";"CA V";"119,9";"V"
"473";"7/6/24";"20:28:21";"CA V";"119,9";"V"
"474";"7/6/24";"20:28:22";"CA V";"119,9";"V"
"475";"7/6/24";"20:28:23";"CA V";"119,9";"V"
"476";"7/6/24";"20:28:24";"CA V";"119,9";"V"
"477";"7/6/24";"20:28:25";"CA V";"119,9";"V"
"478";"7/6/24";"20:28:26";"CA V";"119,9";"V"
"479";"7/6/24";"20:28:27";"CA V";"119,9";"V"
"480";"7/6/24";"20:28:28";"CA V";"119,9";"V"
"481";"7/6/24";"20:28:29";"CA V";"119,9";"V"
"482";"7/6/24";"20:28:30";"CA V";"119,9";"V"
"483";"7/6/24";"20:28:31";"CA V";"119,8";"V"
"484";"7/6/24";"20:28:32";"CA V";"119,8";"V"
"485";"7/6/24";"20:28:33";"CA V";"119,8";"V"
"486";"7/6/24";"20:28:34";"CA V";"119,9";"V"
"487";"7/6/24";"20:28:35";"CA V";"119,9";"V"
"488";"7/6/24";"20:28:36";"CA V";"119,9";"V"
"489";"7/6/24";"20:28:37";"CA V";"119,8";"V"
"490";"7/6/24";"20:28:38";"CA V";"119,8";"V"
"491";"7/6/24";"20:28:39";"CA V";"119,8";"V"
"492";"7/6/24";"20:28:40";"CA V";"119,8";"V"
"493";"7/6/24";"20:28:41";"CA V";"119,8";"V"
"494";"7/6/24";"20:28:42";"CA V";"119,8";"V"
"495";"7/6/24";"20:28:43";"CA V";"119,8";"V"
"496";"7/6/24";"20:28:44";"CA V";"119,8";"V"
"497";"7/6/24";"20:28:45";"CA V";"119,8";"V"
"498";"7/6/24";"20:28:46";"CA V";"119,7";"V"
"499";"7/6/24";"20:28:47";"CA V";"119,8";"V"
"500";"7/6/24";"20:28:48";"CA V";"119,8";"V"
"501";"7/6/24";"20:28:49";"CA V";"119,8";"V"
"502";"7/6/24";"20:28:50";"CA V";"119,8";"V"
"503";"7/6/24";"20:28:51";"CA V";"119,8";"V"
"504";"7/6/24";"20:28:52";"CA V";"119,8";"V"
"505";"7/6/24";"20:28:53";"CA V";"119,8";"V"
"506";"7/6/24";"20:28:54";"CA V";"119,8";"V"
"507";"7/6/24";"20:28:55";"CA V";"119,8";"V"
"508";"7/6/24";"20:28:56";"CA V";"119,8";"V"
"509";"7/6/24";"20:28:57";"CA V";"119,8";"V"
"510";"7/6/24";"20:28:58";"CA V";"119,8";"V"
"511";"7/6/24";"20:28:59";"CA V";"119,9";"V"
"512";"7/6/24";"20:29:00";"CA V";"119,9";"V"
"513";"7/6/24";"20:29:01";"CA V";"119,9";"V"
"514";"7/6/24";"20:29:02";"CA V";"119,8";"V"
"515";"7/6/24";"20:29:03";"CA V";"119,8";"V"
"516";"7/6/24";"20:29:04";"CA V";"119,9";"V"
"517";"7/6/24";"20:29:05";"CA V";"119,9";"V"
"518";"7/6/24";"20:29:06";"CA V";"119,9";"V"
"519";"7/6/24";"20:29:07";"CA V";"119,8";"V"
"520";"7/6/24";"20:29:08";"CA V";"119,8";"V"
"521";"7/6/24";"20:29:09";"CA V";"119,8";"V"
"522";"7/6/24";"20:29:10";"CA V";"119,8";"V"
"523";"7/6/24";"20:29:11";"CA V";"119,7";"V"
"524";"7/6/24";"20:29:12";"CA V";"119,7";"V"
"525";"7/6/24";"20:29:13";"CA V";"119,7";"V"
"526";"7/6/24";"20:29:14";"CA V";"119,8";"V"
"527";"7/6/24";"20:29:15";"CA V";"119,8";"V"
"528";"7/6/24";"20:29:16";"CA V";"119,8";"V"
"529";"7/6/24";"20:29:17";"CA V";"119,8";"V"
"530";"7/6/24";"20:29:18";"CA V";"119,8";"V"
"531";"7/6/24";"20:29:19";"CA V";"119,8";"V"
"532";"7/6/24";"20:29:20";"CA V";"119,8";"V"
"533";"7/6/24";"20:29:21";"CA V";"119,8";"V"
"534";"7/6/24";"20:29:22";"CA V";"119,8";"V"
"535";"7/6/24";"20:29:23";"CA V";"119,8";"V"
"536";"7/6/24";"20:29:24";"CA V";"119,8";"V"
"537";"7/6/24";"20:29:25";"CA V";"119,8";"V"
"538";"7/6/24";"20:29:26";"CA V";"119,8";"V"
"539";"7/6/24";"20:29:27";"CA V";"119,8";"V"
"540";"7/6/24";"20:29:28";"CA V";"119,8";"V"
"541";"7/6/24";"20:29:29";"CA V";"119,8";"V"
"542";"7/6/24";"20:29:30";"CA V";"119,8";"V"
"543";"7/6/24";"20:29:31";"CA V";"119,8";"V"
"544";"7/6/24";"20:29:32";"CA V";"119,8";"V"
"545";"7/6/24";"20:29:33";"CA V";"119,9";"V"
"546";"7/6/24";"20:29:34";"CA V";"119,9";"V"
"547";"7/6/24";"20:29:35";"CA V";"119,9";"V"
"548";"7/6/24";"20:29:36";"CA V";"119,9";"V"
"549";"7/6/24";"20:29:37";"CA V";"119,9";"V"
"550";"7/6/24";"20:29:38";"CA V";"119,8";"V"
"551";"7/6/24";"20:29:39";"CA V";"119,8";"V"
"552";"7/6/24";"20:29:40";"CA V";"119,8";"V"
"553";"7/6/24";"20:29:41";"CA V";"119,8";"V"
"554";"7/6/24";"20:29:42";"CA V";"119,8";"V"
"555";"7/6/24";"20:29:43";"CA V";"119,8";"V"
"556";"7/6/24";"20:29:44";"CA V";"119,8";"V"
"557";"7/6/24";"20:29:45";"CA V";"119,8";"V"
"558";"7/6/24";"20:29:46";"CA V";"119,8";"V"
"559";"7/6/24";"20:29:47";"CA V";"119,8";"V"
"560";"7/6/24";"20:29:48";"CA V";"119,8";"V"
"561";"7/6/24";"20:29:49";"CA V";"119,8";"V"
"562";"7/6/24";"20:29:50";"CA V";"119,8";"V"
"563";"7/6/24";"20:29:51";"CA V";"119,8";"V"
"564";"7/6/24";"20:29:52";"CA V";"119,7";"V"
"565";"7/6/24";"20:29:53";"CA V";"119,7";"V"
"566";"7/6/24";"20:29:54";"CA V";"119,8";"V"
"567";"7/6/24";"20:29:55";"CA V";"119,8";"V"
"568";"7/6/24";"20:29:56";"CA V";"119,7";"V"
"569";"7/6/24";"20:29:57";"CA V";"119,7";"V"
"570";"7/6/24";"20:29:58";"CA V";"119,7";"V"
"571";"7/6/24";"20:29:59";"CA V";"119,7";"V"
"572";"7/6/24";"20:30:00";"CA V";"119,7";"V"
"573";"7/6/24";"20:30:01";"CA V";"119,7";"V"
"574";"7/6/24";"20:30:02";"CA V";"119,7";"V"
"575";"7/6/24";"20:30:03";"CA V";"119,7";"V"
"576";"7/6/24";"20:30:04";"CA V";"119,7";"V"
"577";"7/6/24";"20:30:05";"CA V";"119,7";"V"
"578";"7/6/24";"20:30:06";"CA V";"119,7";"V"
"579";"7/6/24";"20:30:07";"CA V";"119,7";"V"
"580";"7/6/24";"20:30:08";"CA V";"119,7";"V"
"581";"7/6/24";"20:30:09";"CA V";"119,7";"V"
"582";"7/6/24";"20:30:10";"CA V";"119,7";"V"
"583";"7/6/24";"20:30:11";"CA V";"119,7";"V"
"584";"7/6/24";"20:30:12";"CA V";"119,7";"V"
"585";"7/6/24";"20:30:13";"CA V";"119,7";"V"
"586";"7/6/24";"20:30:14";"CA V";"119,7";"V"
"587";"7/6/24";"20:30:15";"CA V";"119,7";"V"
"588";"7/6/24";"20:30:16";"CA V";"119,7";"V"
"589";"7/6/24";"20:30:17";"CA V";"119,7";"V"
"590";"7/6/24";"20:30:18";"CA V";"119,7";"V"
"591";"7/6/24";"20:30:19";"CA V";"119,7";"V"
"592";"7/6/24";"20:30:20";"CA V";"119,7";"V"
"593";"7/6/24";"20:30:21";"CA V";"119,7";"V"
"594";"7/6/24";"20:30:22";"CA V";"119,7";"V"
"595";"7/6/24";"20:30:23";"CA V";"119,7";"V"
"596";"7/6/24";"20:30:24";"CA V";"119,7";"V"
"597";"7/6/24";"20:30:25";"CA V";"119,8";"V"
"598";"7/6/24";"20:30:26";"CA V";"119,8";"V"
"599";"7/6/24";"20:30:27";"CA V";"119,7";"V"
"600";"7/6/24";"20:30:28";"CA V";"119,7";"V"
"601";"7/6/24";"20:30:29";"CA V";"119,7";"V"
"602";"7/6/24";"20:30:30";"CA V";"119,7";"V"
"603";"7/6/24";"20:30:31";"CA V";"119,7";"V"
"604";"7/6/24";"20:30:32";"CA V";"119,7";"V"
"605";"7/6/24";"20:30:33";"CA V";"119,7";"V"
"606";"7/6/24";"20:30:34";"CA V";"119,7";"V"
"607";"7/6/24";"20:30:35";"CA V";"119,7";"V"
"608";"7/6/24";"20:30:36";"CA V";"119,7";"V"
"609";"7/6/24";"20:30:37";"CA V";"119,7";"V"
"610";"7/6/24";"20:30:38";"CA V";"119,7";"V"
"611";"7/6/24";"20:30:39";"CA V";"119,7";"V"
"612";"7/6/24";"20:30:40";"CA V";"119,7";"V"
"613";"7/6/24";"20:30:41";"CA V";"119,7";"V"
"614";"7/6/24";"20:30:42";"CA V";"119,7";"V"
"615";"7/6/24";"20:30:43";"CA V";"119,7";"V"
"616";"7/6/24";"20:30:44";"CA V";"119,7";"V"
"617";"7/6/24";"20:30:45";"CA V";"119,7";"V"
"618";"7/6/24";"20:30:46";"CA V";"119,7";"V"
"619";"7/6/24";"20:30:47";"CA V";"119,7";"V"
"620";"7/6/24";"20:30:48";"CA V";"119,7";"V"
"621";"7/6/24";"20:30:49";"CA V";"119,7";"V"
"622";"7/6/24";"20:30:50";"CA V";"119,6";"V"
"623";"7/6/24";"20:30:51";"CA V";"119,6";"V"
"624";"7/6/24";"20:30:52";"CA V";"119,6";"V"
"625";"7/6/24";"20:30:53";"CA V";"119,6";"V"
"626";"7/6/24";"20:30:54";"CA V";"119,6";"V"
"627";"7/6/24";"20:30:55";"CA V";"119,6";"V"
"628";"7/6/24";"20:30:56";"CA V";"119,6";"V"
"629";"7/6/24";"20:30:57";"CA V";"119,6";"V"
"630";"7/6/24";"20:30:58";"CA V";"119,6";"V"
"631";"7/6/24";"20:30:59";"CA V";"119,6";"V"
"632";"7/6/24";"20:31:00";"CA V";"119,6";"V"
"633";"7/6/24";"20:31:01";"CA V";"119,6";"V"
"634";"7/6/24";"20:31:02";"CA V";"119,6";"V"
"635";"7/6/24";"20:31:03";"CA V";"119,6";"V"
"636";"7/6/24";"20:31:04";"CA V";"119,6";"V"
"637";"7/6/24";"20:31:05";"CA V";"119,6";"V"
"638";"7/6/24";"20:31:06";"CA V";"119,6";"V"
"639";"7/6/24";"20:31:07";"CA V";"119,6";"V"
"640";"7/6/24";"20:31:08";"CA V";"119,6";"V"
"641";"7/6/24";"20:31:09";"CA V";"119,6";"V"
"642";"7/6/24";"20:31:10";"CA V";"119,6";"V"
"643";"7/6/24";"20:31:11";"CA V";"119,6";"V"
"644";"7/6/24";"20:31:12";"CA V";"119,6";"V"
"645";"7/6/24";"20:31:13";"CA V";"119,6";"V"
"646";"7/6/24";"20:31:14";"CA V";"119,6";"V"
"647";"7/6/24";"20:31:15";"CA V";"119,6";"V"
"648";"7/6/24";"20:31:16";"CA V";"119,6";"V"
"649";"7/6/24";"20:31:17";"CA V";"119,6";"V"
"650";"7/6/24";"20:31:18";"CA V";"119,6";"V"
"651";"7/6/24";"20:31:19";"CA V";"119,6";"V"
"652";"7/6/24";"20:31:20";"CA V";"119,6";"V"
"653";"7/6/24";"20:31:21";"CA V";"119,6";"V"
"654";"7/6/24";"20:31:22";"CA V";"119,6";"V"
"655";"7/6/24";"20:31:23";"CA V";"119,6";"V"
"656";"7/6/24";"20:31:24";"CA V";"119,6";"V"
"657";"7/6/24";"20:31:25";"CA V";"119,6";"V"
"658";"7/6/24";"20:31:26";"CA V";"119,6";"V"
"659";"7/6/24";"20:31:27";"CA V";"119,6";"V"
"660";"7/6/24";"20:31:28";"CA V";"119,6";"V"
"661";"7/6/24";"20:31:29";"CA V";"119,6";"V"
"662";"7/6/24";"20:31:30";"CA V";"119,6";"V"
"663";"7/6/24";"20:31:31";"CA V";"119,6";"V"
"664";"7/6/24";"20:31:32";"CA V";"119,5";"V"
"665";"7/6/24";"20:31:33";"CA V";"119,5";"V"
"666";"7/6/24";"20:31:34";"CA V";"119,6";"V"
"667";"7/6/24";"20:31:35";"CA V";"119,6";"V"
"668";"7/6/24";"20:31:36";"CA V";"119,6";"V"
"669";"7/6/24";"20:31:37";"CA V";"119,6";"V"
"670";"7/6/24";"20:31:38";"CA V";"119,6";"V"
"671";"7/6/24";"20:31:39";"CA V";"119,6";"V"
"672";"7/6/24";"20:31:40";"CA V";"119,6";"V"
"673";"7/6/24";"20:31:41";"CA V";"119,6";"V"
"674";"7/6/24";"20:31:42";"CA V";"119,6";"V"
"675";"7/6/24";"20:31:43";"CA V";"119,6";"V"
"676";"7/6/24";"20:31:44";"CA V";"119,6";"V"
"677";"7/6/24";"20:31:45";"CA V";"119,6";"V"
"678";"7/6/24";"20:31:46";"CA V";"119,6";"V"
"679";"7/6/24";"20:31:47";"CA V";"119,6";"V"
"680";"7/6/24";"20:31:48";"CA V";"119,6";"V"
"681";"7/6/24";"20:31:49";"CA V";"119,6";"V"
"682";"7/6/24";"20:31:50";"CA V";"119,6";"V"
"683";"7/6/24";"20:31:51";"CA V";"119,6";"V"
"684";"7/6/24";"20:31:52";"CA V";"119,6";"V"
"685";"7/6/24";"20:31:53";"CA V";"119,6";"V"
"686";"7/6/24";"20:31:54";"CA V";"119,6";"V"
"687";"7/6/24";"20:31:55";"CA V";"119,6";"V"
"688";"7/6/24";"20:31:56";"CA V";"119,6";"V"
"689";"7/6/24";"20:31:57";"CA V";"119,6";"V"
"690";"7/6/24";"20:31:58";"CA V";"119,6";"V"
"691";"7/6/24";"20:31:59";"CA V";"119,6";"V"
"692";"7/6/24";"20:32:00";"CA V";"119,6";"V"
"693";"7/6/24";"20:32:01";"CA V";"119,6";"V"
"694";"7/6/24";"20:32:02";"CA V";"119,6";"V"
"695";"7/6/24";"20:32:03";"CA V";"119,6";"V"
"696";"7/6/24";"20:32:04";"CA V";"119,6";"V"
"697";"7/6/24";"20:32:05";"CA V";"119,6";"V"
"698";"7/6/24";"20:32:06";"CA V";"119,7";"V"
"699";"7/6/24";"20:32:07";"CA V";"119,7";"V"
"700";"7/6/24";"20:32:08";"CA V";"119,6";"V"
"701";"7/6/24";"20:32:09";"CA V";"119,7";"V"
"702";"7/6/24";"20:32:10";"CA V";"119,7";"V"
"703";"7/6/24";"20:32:11";"CA V";"119,7";"V"
"704";"7/6/24";"20:32:12";"CA V";"119,7";"V"
"705";"7/6/24";"20:32:13";"CA V";"119,7";"V"
"706";"7/6/24";"20:32:14";"CA V";"119,7";"V"
"707";"7/6/24";"20:32:15";"CA V";"119,7";"V"
"708";"7/6/24";"20:32:16";"CA V";"119,7";"V"
"709";"7/6/24";"20:32:17";"CA V";"119,7";"V"
"710";"7/6/24";"20:32:18";"CA V";"119,7";"V"
"711";"7/6/24";"20:32:19";"CA V";"119,7";"V"
"712";"7/6/24";"20:32:20";"CA V";"119,6";"V"
"713";"7/6/24";"20:32:21";"CA V";"119,6";"V"
"714";"7/6/24";"20:32:22";"CA V";"119,6";"V"
"715";"7/6/24";"20:32:23";"CA V";"119,6";"V"
"716";"7/6/24";"20:32:24";"CA V";"119,6";"V"
"717";"7/6/24";"20:32:25";"CA V";"119,6";"V"
"718";"7/6/24";"20:32:26";"CA V";"119,6";"V"
"719";"7/6/24";"20:32:27";"CA V";"119,6";"V"
"720";"7/6/24";"20:32:28";"CA V";"119,7";"V"
"721";"7/6/24";"20:32:29";"CA V";"119,7";"V"
"722";"7/6/24";"20:32:30";"CA V";"119,7";"V"
"723";"7/6/24";"20:32:31";"CA V";"119,7";"V"
"724";"7/6/24";"20:32:32";"CA V";"119,6";"V"
"725";"7/6/24";"20:32:33";"CA V";"119,7";"V"
"726";"7/6/24";"20:32:34";"CA V";"119,7";"V"
"727";"7/6/24";"20:32:35";"CA V";"119,7";"V"
"728";"7/6/24";"20:32:36";"CA V";"119,7";"V"
"729";"7/6/24";"20:32:37";"CA V";"119,7";"V"
"730";"7/6/24";"20:32:38";"CA V";"119,7";"V"
"731";"7/6/24";"20:32:39";"CA V";"119,7";"V"
"732";"7/6/24";"20:32:40";"CA V";"119,7";"V"
"733";"7/6/24";"20:32:41";"CA V";"119,6";"V"
"734";"7/6/24";"20:32:42";"CA V";"119,6";"V"
"735";"7/6/24";"20:32:43";"CA V";"119,6";"V"
"736";"7/6/24";"20:32:44";"CA V";"119,6";"V"
"737";"7/6/24";"20:32:45";"CA V";"119,6";"V"
"738";"7/6/24";"20:32:46";"CA V";"119,6";"V"
"739";"7/6/24";"20:32:47";"CA V";"119,6";"V"
"740";"7/6/24";"20:32:48";"CA V";"119,6";"V"
"741";"7/6/24";"20:32:49";"CA V";"119,6";"V"
"742";"7/6/24";"20:32:50";"CA V";"119,6";"V"
"743";"7/6/24";"20:32:51";"CA V";"119,6";"V"
"744";"7/6/24";"20:32:52";"CA V";"119,6";"V"
"745";"7/6/24";"20:32:53";"CA V";"119,6";"V"
"746";"7/6/24";"20:32:54";"CA V";"119,7";"V"
"747";"7/6/24";"20:32:55";"CA V";"119,7";"V"
"748";"7/6/24";"20:32:56";"CA V";"119,7";"V"
"749";"7/6/24";"20:32:57";"CA V";"119,7";"V"
"750";"7/6/24";"20:32:58";"CA V";"119,7";"V"
"751";"7/6/24";"20:32:59";"CA V";"119,7";"V"
"752";"7/6/24";"20:33:00";"CA V";"119,7";"V"
"753";"7/6/24";"20:33:01";"CA V";"119,7";"V"
"754";"7/6/24";"20:33:02";"CA V";"119,7";"V"
"755";"7/6/24";"20:33:03";"CA V";"119,7";"V"
"756";"7/6/24";"20:33:04";"CA V";"119,7";"V"
"757";"7/6/24";"20:33:05";"CA V";"119,6";"V"
"758";"7/6/24";"20:33:06";"CA V";"119,6";"V"
"759";"7/6/24";"20:33:07";"CA V";"119,6";"V"
"760";"7/6/24";"20:33:08";"CA V";"119,6";"V"
"761";"7/6/24";"20:33:09";"CA V";"119,6";"V"
"762";"7/6/24";"20:33:10";"CA V";"119,6";"V"
"763";"7/6/24";"20:33:11";"CA V";"119,6";"V"
"764";"7/6/24";"20:33:12";"CA V";"119,6";"V"
"765";"7/6/24";"20:33:13";"CA V";"119,6";"V"
